,date,open,close,high,low,volume,code
45,2013-03-15,2533.72,2539.87,2600.09,2504.46,81372185.0,sz399300
46,2013-03-18,2526.08,2502.49,2544.62,2499.83,59812778.0,sz399300
47,2013-03-19,2507.4,2525.1,2532.07,2491.85,54536476.0,sz399300
48,2013-03-20,2526.97,2610.17,2610.17,2526.83,90700622.0,sz399300
49,2013-03-21,2611.58,2614.99,2626.54,2598.51,69552756.0,sz399300
50,2013-03-22,2612.26,2618.31,2625.53,2603.34,55647141.0,sz399300
51,2013-03-25,2628.41,2613.1,2641.61,2607.61,56261402.0,sz399300
52,2013-03-26,2601.96,2575.05,2607.36,2554.97,63962961.0,sz399300
53,2013-03-27,2575.73,2583.53,2611.94,2566.34,56906517.0,sz399300
54,2013-03-28,2535.99,2499.3,2535.99,2495.08,87578405.0,sz399300
55,2013-03-29,2502.78,2495.08,2509.11,2482.49,52402137.0,sz399300
56,2013-04-01,2486.43,2493.19,2507.82,2483.73,47346022.0,sz399300
57,2013-04-02,2495.84,2486.39,2524.46,2475.0,55684152.0,sz399300
58,2013-04-03,2493.88,2483.55,2507.14,2474.93,45564221.0,sz399300
59,2013-04-08,2443.24,2472.3,2473.31,2429.5,53296772.0,sz399300
60,2013-04-09,2477.29,2489.43,2505.29,2477.29,52389824.0,sz399300
61,2013-04-10,2487.98,2485.31,2495.57,2466.19,47504913.0,sz399300
62,2013-04-11,2502.5,2477.88,2508.59,2476.4,42989958.0,sz399300
63,2013-04-12,2476.32,2462.11,2489.12,2460.18,39917278.0,sz399300
64,2013-04-15,2453.97,2436.82,2461.67,2430.15,46539734.0,sz399300
65,2013-04-16,2419.51,2459.59,2461.05,2416.62,55280613.0,sz399300
66,2013-04-17,2457.88,2458.47,2465.2,2437.34,44692164.0,sz399300
67,2013-04-18,2440.71,2464.85,2478.41,2434.73,42860707.0,sz399300
68,2013-04-19,2469.95,2533.83,2542.45,2469.32,75520876.0,sz399300
69,2013-04-22,2525.11,2530.67,2539.05,2518.26,62511883.0,sz399300
70,2013-04-23,2532.2,2449.47,2532.2,2448.2,60653982.0,sz399300
71,2013-04-24,2452.78,2495.58,2511.2,2446.59,63050916.0,sz399300
72,2013-04-25,2486.86,2467.88,2505.48,2456.57,60557927.0,sz399300
73,2013-04-26,2477.72,2447.31,2488.58,2439.8,47123378.0,sz399300
74,2013-05-02,2434.6,2449.64,2453.75,2423.08,47016088.0,sz399300
75,2013-05-03,2457.54,2492.91,2521.12,2457.54,62330091.0,sz399300
76,2013-05-06,2502.98,2525.98,2533.85,2500.46,60418780.0,sz399300
77,2013-05-07,2519.36,2529.94,2539.3,2507.76,54490643.0,sz399300
78,2013-05-08,2542.27,2542.8,2562.01,2531.25,59554294.0,sz399300
79,2013-05-09,2542.37,2527.79,2543.3,2507.79,60240145.0,sz399300
80,2013-05-10,2519.52,2540.84,2546.98,2515.16,48816728.0,sz399300
81,2013-05-13,2542.41,2530.77,2547.6,2516.73,54092147.0,sz399300
82,2013-05-14,2526.0,2493.34,2526.15,2479.87,54880064.0,sz399300
83,2013-05-15,2493.97,2506.93,2507.43,2491.93,44189660.0,sz399300
84,2013-05-16,2501.12,2552.71,2553.06,2487.76,70796182.0,sz399300
85,2013-05-17,2550.45,2592.05,2598.71,2547.78,81850801.0,sz399300
86,2013-05-20,2597.15,2609.61,2627.62,2590.05,86337803.0,sz399300
87,2013-05-21,2607.39,2614.85,2617.4,2594.25,71505994.0,sz399300
88,2013-05-22,2613.41,2618.03,2630.07,2603.75,74191817.0,sz399300
89,2013-05-23,2604.93,2582.85,2624.08,2579.35,84825370.0,sz399300
90,2013-05-24,2591.42,2597.23,2608.35,2572.88,60739669.0,sz399300
91,2013-05-27,2593.52,2599.59,2611.97,2589.74,64195080.0,sz399300
92,2013-05-28,2600.63,2644.36,2644.36,2585.9,84196112.0,sz399300
93,2013-05-29,2648.93,2642.56,2661.23,2640.88,79277709.0,sz399300
94,2013-05-30,2633.96,2634.32,2647.44,2623.58,70146368.0,sz399300
95,2013-05-31,2638.71,2606.43,2645.56,2604.75,62528533.0,sz399300
96,2013-06-03,2605.97,2602.62,2625.94,2596.05,59774468.0,sz399300
97,2013-06-04,2600.5,2565.67,2600.5,2556.06,66315750.0,sz399300
98,2013-06-05,2565.33,2560.54,2570.03,2545.19,45637193.0,sz399300
99,2013-06-06,2552.82,2527.84,2557.68,2525.31,52496529.0,sz399300
100,2013-06-07,2526.91,2484.16,2538.89,2475.69,61030894.0,sz399300
101,2013-06-13,2448.72,2399.94,2448.72,2375.2,69730066.0,sz399300
102,2013-06-14,2404.42,2416.77,2420.36,2396.49,55964534.0,sz399300
103,2013-06-17,2422.76,2403.84,2427.53,2394.39,50395711.0,sz399300
104,2013-06-18,2413.09,2418.75,2424.2,2393.32,48630379.0,sz399300
105,2013-06-19,2408.28,2400.76,2408.28,2366.35,54346260.0,sz399300
106,2013-06-20,2386.1,2321.47,2386.1,2320.23,55201020.0,sz399300
107,2013-06-21,2283.15,2317.39,2332.84,2269.56,58705798.0,sz399300
108,2013-06-24,2308.07,2171.21,2308.07,2164.32,86597259.0,sz399300
109,2013-06-25,2146.05,2165.42,2169.21,2023.17,107554882.0,sz399300
110,2013-06-26,2170.33,2168.3,2181.02,2131.86,79256426.0,sz399300
111,2013-06-27,2172.85,2160.74,2200.21,2153.18,75406753.0,sz399300
112,2013-06-28,2149.03,2200.64,2227.46,2139.37,79451327.0,sz399300
113,2013-07-01,2187.09,2213.32,2213.97,2166.35,57726227.0,sz399300
114,2013-07-02,2211.8,2221.98,2226.11,2191.8,61838850.0,sz399300
115,2013-07-03,2211.04,2203.83,2211.04,2169.14,65836022.0,sz399300
116,2013-07-04,2187.18,2221.98,2245.91,2176.08,72581145.0,sz399300
117,2013-07-05,2227.35,2226.85,2252.03,2225.05,61821775.0,sz399300
118,2013-07-08,2194.42,2163.62,2205.21,2162.19,54782493.0,sz399300
119,2013-07-09,2160.7,2162.67,2174.79,2149.79,41494433.0,sz399300
120,2013-07-10,2163.1,2224.06,2224.14,2157.47,61149781.0,sz399300
121,2013-07-11,2232.16,2326.69,2351.22,2232.16,125793192.0,sz399300
122,2013-07-12,2319.02,2275.37,2331.99,2274.07,89733082.0,sz399300
123,2013-07-15,2289.76,2307.3,2336.04,2274.67,74757884.0,sz399300
124,2013-07-16,2300.83,2317.85,2317.85,2281.94,65624157.0,sz399300
125,2013-07-17,2311.44,2282.84,2326.93,2281.61,67655248.0,sz399300
126,2013-07-18,2272.95,2245.33,2282.44,2241.93,57144292.0,sz399300
127,2013-07-19,2248.13,2190.48,2257.92,2188.75,70535282.0,sz399300
128,2013-07-22,2170.09,2202.19,2203.06,2159.81,53283495.0,sz399300
129,2013-07-23,2211.59,2265.84,2276.74,2206.76,74809731.0,sz399300
130,2013-07-24,2253.38,2249.15,2265.58,2217.19,69592307.0,sz399300
131,2013-07-25,2255.22,2237.68,2268.84,2227.85,65774316.0,sz399300
132,2013-07-26,2226.43,2224.01,2238.42,2209.81,48941098.0,sz399300
133,2013-07-29,2205.08,2175.97,2205.08,2169.02,54600925.0,sz399300
134,2013-07-30,2184.01,2189.39,2221.59,2162.98,55193623.0,sz399300
135,2013-07-31,2211.75,2193.02,2235.38,2187.21,48327055.0,sz399300
136,2013-08-01,2206.0,2245.36,2245.56,2200.63,62603997.0,sz399300
137,2013-08-02,2263.5,2247.26,2274.71,2244.25,60890893.0,sz399300
138,2013-08-05,2249.98,2278.33,2278.33,2243.22,55342151.0,sz399300
139,2013-08-06,2270.67,2293.64,2302.48,2256.72,73746895.0,sz399300
140,2013-08-07,2292.38,2280.62,2313.88,2276.86,73048695.0,sz399300
141,2013-08-08,2277.25,2276.78,2297.63,2267.07,53098430.0,sz399300
142,2013-08-09,2288.51,2286.01,2301.59,2258.33,64600017.0,sz399300
143,2013-08-12,2296.22,2352.79,2352.89,2293.18,97863216.0,sz399300
144,2013-08-13,2352.88,2359.07,2360.83,2340.73,78393636.0,sz399300
145,2013-08-14,2362.62,2349.08,2386.6,2340.83,75942128.0,sz399300
146,2013-08-15,2348.84,2321.58,2362.09,2319.78,61951853.0,sz399300
147,2013-08-16,2314.26,2304.14,2423.08,2295.02,120369563.0,sz399300
148,2013-08-19,2286.2,2331.43,2340.19,2284.08,72483224.0,sz399300
149,2013-08-20,2325.86,2312.47,2353.41,2303.67,73086345.0,sz399300
150,2013-08-21,2320.58,2308.59,2321.64,2291.05,55007384.0,sz399300
151,2013-08-22,2302.67,2303.93,2329.14,2297.02,55338104.0,sz399300
152,2013-08-23,2314.87,2286.93,2321.04,2251.92,68967133.0,sz399300
153,2013-08-26,2294.76,2335.62,2336.38,2288.5,70371043.0,sz399300
154,2013-08-27,2332.8,2340.88,2345.1,2322.46,65990333.0,sz399300
155,2013-08-28,2326.1,2328.06,2345.36,2307.04,89256174.0,sz399300
156,2013-08-29,2338.56,2318.31,2342.32,2308.15,66085415.0,sz399300
157,2013-08-30,2315.91,2313.91,2334.41,2303.61,87654515.0,sz399300
158,2013-09-02,2319.96,2320.34,2329.87,2297.45,79510249.0,sz399300
159,2013-09-03,2326.23,2354.5,2354.86,2321.3,80554005.0,sz399300
160,2013-09-04,2352.54,2350.7,2360.66,2345.44,78725763.0,sz399300
161,2013-09-05,2350.93,2341.74,2351.22,2336.75,62951383.0,sz399300
162,2013-09-06,2336.77,2357.78,2361.18,2335.93,73340116.0,sz399300
163,2013-09-09,2374.26,2440.61,2449.25,2372.69,149889640.0,sz399300
164,2013-09-10,2446.45,2474.89,2475.2,2435.83,154855992.0,sz399300
165,2013-09-11,2483.79,2482.89,2504.47,2471.62,166914974.0,sz399300
166,2013-09-12,2480.47,2507.46,2527.38,2469.72,145173175.0,sz399300
167,2013-09-13,2502.54,2488.9,2515.78,2481.45,110775049.0,sz399300
168,2013-09-16,2501.08,2478.39,2503.69,2467.13,105383282.0,sz399300
169,2013-09-17,2480.81,2427.32,2481.71,2426.46,99459982.0,sz399300
170,2013-09-18,2426.04,2432.51,2439.63,2407.24,71040759.0,sz399300
171,2013-09-23,2441.52,2472.29,2473.16,2439.99,80128352.0,sz399300
172,2013-09-24,2470.72,2443.89,2470.75,2420.08,97853013.0,sz399300
173,2013-09-25,2440.83,2429.03,2455.04,2423.28,90518418.0,sz399300
174,2013-09-26,2422.63,2384.44,2422.63,2382.53,86236770.0,sz399300
175,2013-09-27,2382.22,2394.97,2402.2,2379.86,65971508.0,sz399300
176,2013-09-30,2406.21,2409.04,2415.07,2397.22,59513992.0,sz399300
177,2013-10-08,2406.42,2441.81,2446.7,2392.57,84785506.0,sz399300
178,2013-10-09,2432.94,2453.58,2453.75,2424.77,76277645.0,sz399300
179,2013-10-10,2455.64,2429.32,2455.98,2422.02,90329706.0,sz399300
180,2013-10-11,2442.36,2468.51,2471.17,2439.63,93388261.0,sz399300
181,2013-10-14,2472.27,2472.54,2483.13,2462.55,100081301.0,sz399300
182,2013-10-15,2475.32,2467.52,2479.13,2449.42,89173496.0,sz399300
183,2013-10-16,2459.08,2421.37,2459.08,2409.72,88979834.0,sz399300
184,2013-10-17,2432.65,2413.33,2440.92,2407.78,71222474.0,sz399300
185,2013-10-18,2415.12,2426.05,2435.71,2410.6,60291630.0,sz399300
186,2013-10-21,2431.92,2471.32,2472.78,2423.56,84909795.0,sz399300
187,2013-10-22,2470.25,2445.89,2470.25,2439.86,90703029.0,sz399300
188,2013-10-23,2451.56,2418.49,2474.37,2412.48,91545355.0,sz399300
189,2013-10-24,2412.24,2400.51,2422.94,2395.47,64560821.0,sz399300
190,2013-10-25,2400.52,2368.56,2413.33,2353.99,77070182.0,sz399300
191,2013-10-28,2372.57,2365.95,2377.25,2351.86,62876152.0,sz399300
192,2013-10-29,2369.22,2372.05,2408.62,2327.9,106737833.0,sz399300
193,2013-10-30,2371.85,2407.47,2407.85,2365.51,92178126.0,sz399300
194,2013-10-31,2398.4,2373.72,2398.4,2370.23,82736964.0,sz399300
195,2013-11-01,2373.96,2384.96,2395.0,2365.15,63055762.0,sz399300
196,2013-11-04,2397.21,2380.45,2404.9,2376.35,51798461.0,sz399300
197,2013-11-05,2366.88,2383.77,2385.69,2343.8,62084488.0,sz399300
198,2013-11-06,2371.32,2353.57,2383.54,2352.79,63776663.0,sz399300
199,2013-11-07,2351.87,2340.55,2356.67,2328.25,54821747.0,sz399300
200,2013-11-08,2329.08,2307.95,2342.67,2306.04,53788508.0,sz399300
201,2013-11-11,2305.94,2315.89,2325.23,2295.0,45739457.0,sz399300
202,2013-11-12,2319.36,2340.0,2342.53,2316.6,52687545.0,sz399300
203,2013-11-13,2325.36,2288.12,2325.56,2287.55,59848831.0,sz399300
204,2013-11-14,2291.27,2304.5,2305.7,2279.01,57310356.0,sz399300
205,2013-11-15,2306.55,2350.73,2377.21,2306.55,86391771.0,sz399300
206,2013-11-18,2367.88,2428.9,2429.57,2361.04,110034633.0,sz399300
207,2013-11-19,2427.93,2412.16,2427.93,2405.08,78648296.0,sz399300
208,2013-11-20,2428.77,2424.85,2435.43,2406.42,72291801.0,sz399300
209,2013-11-21,2412.45,2409.99,2415.38,2382.88,87706677.0,sz399300
210,2013-11-22,2415.29,2397.96,2419.0,2393.58,75000675.0,sz399300
211,2013-11-25,2385.78,2388.63,2418.85,2380.69,66144734.0,sz399300
212,2013-11-26,2387.83,2387.42,2399.02,2380.41,59185864.0,sz399300
213,2013-11-27,2386.36,2414.48,2422.81,2383.78,75294088.0,sz399300
214,2013-11-28,2419.15,2439.53,2460.56,2417.24,90660406.0,sz399300
215,2013-11-29,2442.68,2438.94,2446.4,2432.39,61803746.0,sz399300
216,2013-12-02,2423.97,2418.79,2464.86,2397.01,119655123.0,sz399300
217,2013-12-03,2410.69,2442.78,2448.33,2406.66,74455752.0,sz399300
218,2013-12-04,2439.82,2475.14,2486.64,2434.69,102650235.0,sz399300
219,2013-12-05,2476.45,2468.2,2481.75,2460.58,77708932.0,sz399300
220,2013-12-06,2463.04,2452.29,2470.81,2445.62,66114089.0,sz399300
221,2013-12-09,2460.03,2450.87,2468.95,2445.94,57164884.0,sz399300
222,2013-12-10,2456.23,2453.32,2466.66,2444.53,66941424.0,sz399300
223,2013-12-11,2440.5,2412.76,2440.5,2400.74,68075144.0,sz399300
224,2013-12-12,2406.77,2410.01,2423.31,2402.77,50147719.0,sz399300
225,2013-12-13,2388.66,2406.64,2416.26,2386.25,51501196.0,sz399300
226,2013-12-16,2408.68,2367.92,2412.73,2367.43,64581674.0,sz399300
227,2013-12-17,2369.25,2356.38,2373.29,2351.18,48483891.0,sz399300
228,2013-12-18,2356.7,2357.23,2368.58,2350.45,40015207.0,sz399300
229,2013-12-19,2366.21,2332.41,2370.99,2331.19,48095680.0,sz399300
230,2013-12-20,2335.05,2278.14,2338.88,2278.1,65204207.0,sz399300
231,2013-12-23,2283.8,2284.6,2295.76,2259.57,45580285.0,sz399300
232,2013-12-24,2291.12,2288.25,2312.83,2270.25,45599168.0,sz399300
233,2013-12-25,2291.75,2305.11,2305.61,2281.6,44005326.0,sz399300
234,2013-12-26,2299.97,2265.33,2301.49,2263.92,51497563.0,sz399300
235,2013-12-27,2268.53,2303.48,2315.18,2264.39,53389157.0,sz399300
236,2013-12-30,2313.38,2299.46,2316.62,2295.64,48414308.0,sz399300
237,2013-12-31,2289.01,2330.03,2333.07,2287.12,56631070.0,sz399300
238,2014-01-02,2323.43,2321.98,2325.99,2310.65,45194291.0,sz399300
239,2014-01-03,2311.97,2290.78,2314.84,2280.89,59782645.0,sz399300
240,2014-01-06,2286.37,2238.64,2286.37,2229.33,66300403.0,sz399300
241,2014-01-07,2222.31,2238.0,2246.79,2218.65,43753103.0,sz399300
242,2014-01-08,2240.64,2241.91,2262.58,2228.42,51348854.0,sz399300
243,2014-01-09,2236.97,2222.22,2258.89,2220.8,55987041.0,sz399300
244,2014-01-10,2216.52,2204.85,2224.49,2200.22,54169293.0,sz399300
245,2014-01-13,2207.0,2193.68,2222.07,2183.6,50122772.0,sz399300
246,2014-01-14,2192.84,2212.85,2214.12,2179.91,54049947.0,sz399300
247,2014-01-15,2210.02,2208.94,2215.9,2193.8,48962395.0,sz399300
248,2014-01-16,2209.45,2211.84,2227.26,2201.56,52298902.0,sz399300
249,2014-01-17,2203.82,2178.49,2205.97,2175.88,50273155.0,sz399300
250,2014-01-20,2173.65,2165.99,2182.46,2156.46,40560154.0,sz399300
251,2014-01-21,2168.42,2187.41,2197.92,2168.42,40306247.0,sz399300
252,2014-01-22,2190.43,2243.8,2244.13,2187.53,70641375.0,sz399300
253,2014-01-23,2242.25,2231.89,2248.92,2228.06,56345951.0,sz399300
254,2014-01-24,2225.76,2245.68,2257.35,2222.89,61167670.0,sz399300
255,2014-01-27,2233.01,2215.92,2233.23,2211.8,70344246.0,sz399300
256,2014-01-28,2220.78,2219.85,2233.26,2205.97,53269130.0,sz399300
257,2014-01-29,2225.71,2227.78,2233.06,2219.93,50222717.0,sz399300
258,2014-01-30,2223.16,2202.45,2223.16,2200.22,43632304.0,sz399300
259,2014-02-07,2187.34,2212.48,2212.5,2177.12,50459315.0,sz399300
260,2014-02-10,2221.54,2267.53,2270.19,2221.54,83065716.0,sz399300
261,2014-02-11,2267.74,2285.56,2296.52,2262.6,99229829.0,sz399300
262,2014-02-12,2286.19,2291.25,2294.32,2276.44,76592161.0,sz399300
263,2014-02-13,2288.45,2279.55,2307.47,2278.26,96217789.0,sz399300
264,2014-02-14,2278.4,2295.57,2295.85,2274.43,67082997.0,sz399300
265,2014-02-17,2308.79,2311.65,2315.58,2293.55,87831666.0,sz399300
266,2014-02-18,2310.31,2282.44,2310.31,2276.11,87049743.0,sz399300
267,2014-02-19,2280.93,2308.66,2317.42,2274.15,99352561.0,sz399300
268,2014-02-20,2314.09,2287.44,2331.7,2286.2,106439533.0,sz399300
269,2014-02-21,2284.03,2264.29,2287.87,2250.65,76368993.0,sz399300
270,2014-02-24,2246.72,2214.51,2246.72,2194.16,89215939.0,sz399300
271,2014-02-25,2216.51,2157.91,2225.21,2150.09,93237551.0,sz399300
272,2014-02-26,2147.74,2163.41,2164.7,2137.08,77993297.0,sz399300
273,2014-02-27,2170.81,2154.11,2180.06,2150.14,90104296.0,sz399300
274,2014-02-28,2149.45,2178.97,2180.47,2133.55,76668057.0,sz399300
275,2014-03-03,2173.91,2190.37,2194.22,2167.91,82072314.0,sz399300
276,2014-03-04,2183.86,2184.27,2188.6,2161.59,73069250.0,sz399300
277,2014-03-05,2187.35,2163.98,2189.09,2159.59,61332015.0,sz399300
278,2014-03-06,2159.4,2173.63,2181.43,2136.45,69093767.0,sz399300
279,2014-03-07,2170.04,2168.36,2189.39,2161.44,64265177.0,sz399300
280,2014-03-10,2149.68,2097.79,2149.68,2095.07,71416407.0,sz399300
281,2014-03-11,2092.61,2108.66,2118.79,2088.73,57621243.0,sz399300
282,2014-03-12,2102.8,2114.13,2130.59,2090.76,70069747.0,sz399300
283,2014-03-13,2119.55,2140.33,2149.44,2115.99,69226028.0,sz399300
284,2014-03-14,2129.87,2122.84,2140.38,2109.57,58617737.0,sz399300
285,2014-03-17,2132.79,2143.04,2143.2,2118.95,52409445.0,sz399300
286,2014-03-18,2146.12,2138.13,2152.46,2134.92,55354132.0,sz399300
287,2014-03-19,2131.28,2120.87,2131.28,2101.28,59303905.0,sz399300
288,2014-03-20,2116.19,2086.97,2134.79,2086.5,67631285.0,sz399300
289,2014-03-21,2079.87,2158.8,2163.23,2077.76,104024807.0,sz399300
290,2014-03-24,2161.9,2176.55,2186.73,2150.87,104491984.0,sz399300
291,2014-03-25,2170.78,2174.44,2191.49,2164.67,86877510.0,sz399300
292,2014-03-26,2181.23,2171.05,2186.08,2165.22,58276176.0,sz399300
293,2014-03-27,2168.34,2155.71,2186.89,2146.92,71275132.0,sz399300
294,2014-03-28,2154.51,2151.97,2172.67,2144.58,70086073.0,sz399300
295,2014-03-31,2156.05,2146.3,2165.25,2134.42,55457488.0,sz399300
296,2014-04-01,2143.72,2163.11,2170.09,2141.15,48866403.0,sz399300
297,2014-04-02,2166.07,2180.73,2182.68,2164.01,65039257.0,sz399300
298,2014-04-03,2188.64,2165.01,2196.14,2160.75,71536032.0,sz399300
299,2014-04-04,2157.98,2185.47,2186.15,2155.28,47945888.0,sz399300
300,2014-04-08,2179.92,2237.32,2243.97,2178.91,97219117.0,sz399300
301,2014-04-09,2239.79,2238.62,2246.79,2228.99,66357268.0,sz399300
302,2014-04-10,2241.45,2273.76,2290.74,2229.51,114545405.0,sz399300
303,2014-04-11,2269.56,2270.67,2281.1,2261.13,90615897.0,sz399300
304,2014-04-14,2267.94,2268.61,2275.83,2255.46,62264998.0,sz399300
305,2014-04-15,2261.41,2229.46,2261.47,2225.69,68218130.0,sz399300
306,2014-04-16,2223.47,2232.53,2245.31,2221.15,51678010.0,sz399300
307,2014-04-17,2238.78,2224.8,2241.62,2221.95,48333628.0,sz399300
308,2014-04-18,2215.88,2224.48,2228.77,2203.05,50757995.0,sz399300
309,2014-04-21,2209.94,2187.25,2231.71,2186.75,56278280.0,sz399300
310,2014-04-22,2184.02,2196.79,2196.85,2165.07,57094694.0,sz399300
311,2014-04-23,2191.23,2193.95,2205.59,2187.39,45075041.0,sz399300
312,2014-04-24,2192.77,2190.47,2209.45,2186.76,45058911.0,sz399300
313,2014-04-25,2195.81,2167.83,2201.71,2167.64,60245383.0,sz399300
314,2014-04-28,2165.77,2134.97,2171.39,2132.7,60485187.0,sz399300
315,2014-04-29,2134.41,2158.47,2159.38,2131.78,48204931.0,sz399300
316,2014-04-30,2158.76,2158.66,2164.18,2153.12,45334624.0,sz399300
317,2014-05-05,2152.59,2156.47,2161.7,2131.23,49344073.0,sz399300
318,2014-05-06,2151.39,2157.33,2173.62,2150.11,48086519.0,sz399300
319,2014-05-07,2151.47,2137.32,2153.72,2136.99,44607470.0,sz399300
320,2014-05-08,2132.04,2135.5,2168.21,2128.32,48332452.0,sz399300
321,2014-05-09,2138.84,2133.91,2141.56,2120.59,49181135.0,sz399300
322,2014-05-12,2150.31,2180.05,2184.33,2139.48,83472560.0,sz399300
323,2014-05-13,2180.06,2174.85,2185.05,2167.77,64912518.0,sz399300
324,2014-05-14,2175.09,2172.37,2184.22,2169.0,48514206.0,sz399300
325,2014-05-15,2169.28,2144.08,2171.45,2142.34,46734032.0,sz399300
326,2014-05-16,2143.93,2145.95,2150.5,2132.19,42253197.0,sz399300
327,2014-05-19,2139.36,2115.14,2139.36,2105.71,42893607.0,sz399300
328,2014-05-20,2124.71,2115.77,2131.57,2110.72,37299683.0,sz399300
329,2014-05-21,2106.76,2135.91,2136.1,2096.51,38946042.0,sz399300
330,2014-05-22,2134.09,2130.87,2160.91,2128.86,46252736.0,sz399300
331,2014-05-23,2130.77,2148.41,2148.58,2128.66,37623105.0,sz399300
332,2014-05-26,2161.89,2155.98,2165.42,2147.45,39550656.0,sz399300
333,2014-05-27,2154.4,2147.28,2160.03,2145.75,35897171.0,sz399300
334,2014-05-28,2147.47,2169.35,2171.17,2142.01,50056260.0,sz399300
335,2014-05-29,2171.26,2155.16,2178.09,2154.93,44891556.0,sz399300
336,2014-05-30,2156.38,2156.46,2166.91,2146.22,43923863.0,sz399300
337,2014-06-03,2157.64,2149.92,2169.0,2149.29,41982954.0,sz399300
338,2014-06-04,2149.41,2128.27,2149.45,2117.31,41817249.0,sz399300
339,2014-06-05,2126.61,2150.6,2150.93,2123.52,36477424.0,sz399300
340,2014-06-06,2149.21,2134.72,2149.78,2123.98,35738058.0,sz399300
341,2014-06-09,2128.23,2134.28,2153.9,2126.67,39311060.0,sz399300
342,2014-06-10,2138.67,2161.27,2161.53,2132.45,50507902.0,sz399300
343,2014-06-11,2156.15,2160.77,2163.61,2152.08,42563718.0,sz399300
344,2014-06-12,2156.76,2153.41,2160.99,2148.41,43025843.0,sz399300
345,2014-06-13,2150.99,2176.24,2183.65,2150.57,59252876.0,sz399300
346,2014-06-16,2176.44,2191.85,2196.34,2174.28,63296875.0,sz399300
347,2014-06-17,2185.68,2169.67,2185.68,2168.45,49933665.0,sz399300
348,2014-06-18,2169.25,2160.24,2172.55,2158.5,49463897.0,sz399300
349,2014-06-19,2161.43,2126.91,2166.41,2119.5,53162645.0,sz399300
350,2014-06-20,2124.96,2136.73,2137.03,2120.81,42393719.0,sz399300
351,2014-06-23,2137.93,2134.11,2147.23,2132.45,41179258.0,sz399300
352,2014-06-24,2131.69,2144.82,2145.21,2130.29,40164356.0,sz399300
353,2014-06-25,2141.73,2133.37,2141.73,2126.03,37666100.0,sz399300
354,2014-06-26,2135.16,2149.08,2151.11,2134.89,44351166.0,sz399300
355,2014-06-27,2146.37,2150.26,2159.53,2138.93,52722896.0,sz399300
356,2014-06-30,2152.31,2165.12,2168.22,2152.31,54304188.0,sz399300
357,2014-07-01,2169.2,2164.56,2171.15,2157.13,53323100.0,sz399300
358,2014-07-02,2164.0,2170.87,2171.51,2155.61,59685501.0,sz399300
359,2014-07-03,2169.0,2180.19,2184.96,2164.84,63690690.0,sz399300
360,2014-07-04,2180.45,2178.7,2183.8,2174.07,52851106.0,sz399300
361,2014-07-07,2178.55,2176.29,2186.2,2171.08,50242334.0,sz399300
362,2014-07-08,2174.83,2180.47,2180.78,2163.36,50743599.0,sz399300
363,2014-07-09,2178.14,2148.71,2178.51,2148.26,62022046.0,sz399300
364,2014-07-10,2146.6,2142.85,2151.77,2139.52,55732497.0,sz399300
365,2014-07-11,2136.32,2148.01,2154.74,2134.79,61374274.0,sz399300
366,2014-07-14,2149.54,2171.76,2171.9,2145.28,66158863.0,sz399300
367,2014-07-15,2170.09,2174.98,2176.27,2165.21,71815694.0,sz399300
368,2014-07-16,2172.82,2170.87,2183.25,2166.77,81560230.0,sz399300
369,2014-07-17,2166.83,2157.07,2166.93,2147.08,59453568.0,sz399300
370,2014-07-18,2147.66,2164.14,2176.32,2145.45,65473295.0,sz399300
371,2014-07-21,2164.22,2166.29,2171.94,2158.96,54172260.0,sz399300
372,2014-07-22,2162.44,2192.7,2197.59,2162.24,78542583.0,sz399300
373,2014-07-23,2191.39,2197.83,2210.28,2190.55,84213872.0,sz399300
374,2014-07-24,2199.83,2237.01,2239.81,2199.83,119435534.0,sz399300
375,2014-07-25,2243.07,2260.45,2260.89,2239.07,98972838.0,sz399300
376,2014-07-28,2272.38,2323.9,2331.47,2272.38,179869333.0,sz399300
377,2014-07-29,2326.04,2331.37,2342.77,2316.22,134269641.0,sz399300
378,2014-07-30,2324.69,2322.01,2339.04,2316.06,123022832.0,sz399300
379,2014-07-31,2321.97,2350.25,2350.55,2316.58,110987769.0,sz399300
380,2014-08-01,2341.23,2329.4,2371.5,2328.97,126317390.0,sz399300
381,2014-08-04,2336.63,2375.62,2375.62,2332.14,116713754.0,sz399300
382,2014-08-05,2376.8,2369.35,2380.77,2353.79,111861789.0,sz399300
383,2014-08-06,2358.21,2363.22,2371.67,2334.33,116341829.0,sz399300
384,2014-08-07,2363.61,2327.46,2369.2,2326.27,116729210.0,sz399300
385,2014-08-08,2329.18,2331.13,2339.27,2319.29,86739694.0,sz399300
386,2014-08-11,2338.01,2365.35,2367.0,2337.01,91601171.0,sz399300
387,2014-08-12,2361.17,2357.05,2361.17,2344.72,91822608.0,sz399300
388,2014-08-13,2358.46,2358.9,2370.51,2335.69,110447789.0,sz399300
389,2014-08-14,2357.2,2335.95,2363.18,2334.08,97969493.0,sz399300
390,2014-08-15,2337.99,2360.64,2366.9,2333.12,93592546.0,sz399300
391,2014-08-18,2366.27,2374.56,2379.8,2361.2,104509554.0,sz399300
392,2014-08-19,2378.89,2374.77,2379.47,2358.97,115850020.0,sz399300
393,2014-08-20,2371.65,2366.14,2375.48,2360.84,101288088.0,sz399300
394,2014-08-21,2365.73,2354.24,2367.46,2333.3,100690211.0,sz399300
395,2014-08-22,2352.32,2365.36,2368.46,2350.99,89823938.0,sz399300
396,2014-08-25,2367.02,2342.86,2367.61,2338.46,97373717.0,sz399300
397,2014-08-26,2339.6,2324.09,2350.39,2317.18,93844222.0,sz399300
398,2014-08-27,2323.79,2327.59,2336.74,2322.89,67676221.0,sz399300
399,2014-08-28,2328.06,2311.28,2336.36,2309.64,70490655.0,sz399300
400,2014-08-29,2317.3,2338.29,2338.77,2313.26,63211423.0,sz399300
401,2014-09-01,2340.93,2355.32,2355.55,2338.53,77320870.0,sz399300
402,2014-09-02,2359.86,2386.46,2387.66,2349.95,114436733.0,sz399300
403,2014-09-03,2389.69,2408.84,2414.26,2389.68,129734204.0,sz399300
404,2014-09-04,2411.93,2426.22,2427.3,2404.08,111272298.0,sz399300
405,2014-09-05,2433.17,2449.26,2450.63,2427.99,133551764.0,sz399300
406,2014-09-09,2452.23,2445.22,2454.89,2437.08,118194344.0,sz399300
407,2014-09-10,2435.59,2432.43,2437.08,2422.65,109175517.0,sz399300
408,2014-09-11,2430.68,2423.45,2461.47,2417.27,132982583.0,sz399300
409,2014-09-12,2418.75,2438.36,2438.36,2412.62,109160170.0,sz399300
410,2014-09-15,2433.0,2437.19,2439.25,2418.96,122247159.0,sz399300
411,2014-09-16,2440.34,2388.76,2442.92,2386.98,186742791.0,sz399300
412,2014-09-17,2395.36,2401.33,2405.37,2379.09,125269028.0,sz399300
413,2014-09-18,2396.38,2408.66,2414.95,2389.62,115926376.0,sz399300
414,2014-09-19,2409.31,2425.21,2430.15,2402.31,101813577.0,sz399300
415,2014-09-22,2419.33,2378.92,2419.33,2374.11,102240870.0,sz399300
416,2014-09-23,2379.52,2399.46,2402.48,2379.52,84033341.0,sz399300
417,2014-09-24,2391.42,2441.86,2443.98,2387.07,142713530.0,sz399300
418,2014-09-25,2453.42,2436.97,2462.67,2429.59,138661891.0,sz399300
419,2014-09-26,2430.81,2437.2,2439.65,2420.5,100299494.0,sz399300
420,2014-09-29,2443.91,2447.8,2453.67,2435.61,123401727.0,sz399300
421,2014-09-30,2452.17,2450.99,2454.89,2444.2,115804229.0,sz399300
422,2014-10-08,2460.87,2478.38,2478.38,2445.27,121953604.0,sz399300
423,2014-10-09,2480.2,2481.96,2488.11,2461.11,137923920.0,sz399300
424,2014-10-10,2472.1,2466.79,2482.14,2457.68,147634307.0,sz399300
425,2014-10-13,2457.41,2454.95,2460.39,2430.55,131593362.0,sz399300
426,2014-10-14,2451.09,2446.56,2467.9,2436.34,127393705.0,sz399300
427,2014-10-15,2444.54,2463.87,2465.5,2431.19,135801882.0,sz399300
428,2014-10-16,2448.97,2444.4,2480.3,2441.82,158166603.0,sz399300
429,2014-10-17,2443.22,2441.73,2456.1,2410.4,132759988.0,sz399300
430,2014-10-20,2448.45,2454.71,2456.62,2441.9,91435401.0,sz399300
431,2014-10-21,2453.41,2433.39,2459.25,2432.55,96241912.0,sz399300
432,2014-10-22,2434.89,2418.64,2447.47,2417.56,88656193.0,sz399300
433,2014-10-23,2415.44,2395.94,2424.66,2392.53,103491839.0,sz399300
434,2014-10-24,2397.85,2390.71,2404.99,2385.73,74974869.0,sz399300
435,2014-10-27,2377.54,2368.83,2377.54,2361.68,73862447.0,sz399300
436,2014-10-28,2373.16,2416.65,2416.77,2373.16,101523055.0,sz399300
437,2014-10-29,2423.81,2451.38,2461.27,2415.7,158584062.0,sz399300
438,2014-10-30,2450.36,2468.93,2474.38,2443.76,189626353.0,sz399300
439,2014-10-31,2473.5,2508.32,2512.19,2466.5,239172412.0,sz399300
440,2014-11-03,2515.82,2512.55,2524.17,2502.06,205801228.0,sz399300
441,2014-11-04,2511.04,2513.17,2517.46,2498.6,218247005.0,sz399300
442,2014-11-05,2516.87,2503.45,2519.4,2499.23,190491862.0,sz399300
443,2014-11-06,2505.17,2506.07,2510.99,2482.98,149651117.0,sz399300
444,2014-11-07,2508.76,2502.15,2541.55,2489.42,208760911.0,sz399300
445,2014-11-10,2529.83,2565.73,2565.73,2514.71,226599735.0,sz399300
446,2014-11-11,2578.44,2558.61,2602.37,2532.57,323711656.0,sz399300
447,2014-11-12,2545.4,2594.32,2594.32,2539.6,184686261.0,sz399300
448,2014-11-13,2597.39,2579.75,2607.52,2567.46,219815615.0,sz399300
449,2014-11-14,2569.21,2581.09,2581.93,2557.67,165049965.0,sz399300
450,2014-11-17,2613.51,2567.1,2614.09,2565.94,158478095.0,sz399300
451,2014-11-18,2565.27,2541.42,2570.21,2534.93,142941356.0,sz399300
452,2014-11-19,2538.23,2537.22,2550.5,2531.32,122146974.0,sz399300
453,2014-11-20,2528.78,2537.1,2545.47,2522.84,106149864.0,sz399300
454,2014-11-21,2537.54,2583.46,2585.36,2530.03,151028139.0,sz399300
455,2014-11-24,2614.16,2649.26,2667.67,2602.94,279839720.0,sz399300
456,2014-11-25,2650.08,2685.56,2686.06,2643.84,222611699.0,sz399300
457,2014-11-26,2695.26,2723.02,2723.36,2690.31,243962485.0,sz399300
458,2014-11-27,2737.03,2754.49,2754.49,2718.7,265464730.0,sz399300
459,2014-11-28,2753.93,2808.82,2809.54,2740.37,375323662.0,sz399300
460,2014-12-01,2825.61,2819.81,2855.33,2808.65,365487417.0,sz399300
461,2014-12-02,2807.34,2923.94,2944.51,2804.29,361465322.0,sz399300
462,2014-12-03,2936.12,2967.55,3028.23,2912.25,466156685.0,sz399300
463,2014-12-04,2975.4,3104.35,3104.89,2968.88,426812928.0,sz399300
464,2014-12-05,3143.97,3124.89,3195.8,3011.94,524881260.0,sz399300
465,2014-12-08,3108.27,3252.88,3270.88,3075.7,484462344.0,sz399300
466,2014-12-09,3233.1,3106.91,3387.83,3074.52,632874567.0,sz399300
467,2014-12-10,3120.21,3221.55,3229.05,3058.19,425018708.0,sz399300
468,2014-12-11,3185.16,3183.01,3254.42,3158.44,367091691.0,sz399300
469,2014-12-12,3182.92,3193.23,3239.45,3167.93,301065325.0,sz399300
470,2014-12-15,3176.83,3217.23,3226.22,3143.3,290193834.0,sz399300
471,2014-12-16,3221.36,3303.4,3303.4,3207.69,358123847.0,sz399300
472,2014-12-17,3325.82,3360.6,3368.19,3275.74,448140770.0,sz399300
473,2014-12-18,3359.09,3345.93,3393.71,3322.23,355970207.0,sz399300
474,2014-12-19,3345.63,3383.17,3397.18,3280.92,411211590.0,sz399300
475,2014-12-22,3396.25,3394.48,3455.21,3357.66,549801671.0,sz399300
476,2014-12-23,3358.8,3324.92,3431.78,3316.91,369736093.0,sz399300
477,2014-12-24,3332.15,3230.39,3340.36,3188.5,317449587.0,sz399300
478,2014-12-25,3254.48,3335.42,3335.78,3226.32,309799547.0,sz399300
479,2014-12-26,3343.64,3445.84,3453.34,3335.01,384614124.0,sz399300
480,2014-12-29,3502.18,3455.46,3524.28,3405.84,425015037.0,sz399300
481,2014-12-30,3450.81,3457.55,3491.83,3422.17,328233873.0,sz399300
482,2014-12-31,3462.39,3533.71,3542.34,3452.5,345934760.0,sz399300
483,2015-01-05,3566.09,3641.54,3669.04,3551.51,451198098.0,sz399300
484,2015-01-06,3608.43,3641.06,3683.23,3587.23,420962185.0,sz399300
485,2015-01-07,3620.92,3643.79,3671.19,3601.7,320191232.0,sz399300
486,2015-01-08,3650.07,3559.26,3659.95,3552.1,295003045.0,sz399300
487,2015-01-09,3547.57,3546.72,3689.75,3536.4,349982672.0,sz399300
488,2015-01-12,3531.51,3513.58,3560.53,3461.32,266567175.0,sz399300
489,2015-01-13,3506.45,3514.04,3550.16,3494.77,187153965.0,sz399300
490,2015-01-14,3522.91,3502.42,3547.24,3471.56,196012510.0,sz399300
491,2015-01-15,3501.72,3604.12,3604.12,3482.27,237812338.0,sz399300
492,2015-01-16,3616.25,3635.15,3662.16,3601.26,282681614.0,sz399300
493,2015-01-19,3414.01,3355.16,3497.25,3330.98,329505275.0,sz399300
494,2015-01-20,3336.79,3396.22,3419.2,3325.68,297843232.0,sz399300
495,2015-01-21,3420.49,3548.89,3557.79,3409.43,337928210.0,sz399300
496,2015-01-22,3551.05,3567.61,3576.76,3520.05,268853599.0,sz399300
497,2015-01-23,3582.09,3571.73,3627.81,3548.63,280172172.0,sz399300
498,2015-01-26,3580.12,3607.99,3611.62,3559.38,239766203.0,sz399300
499,2015-01-27,3614.04,3574.93,3616.26,3510.02,287669179.0,sz399300
500,2015-01-28,3547.24,3525.32,3583.31,3512.39,216220214.0,sz399300
501,2015-01-29,3474.92,3481.8,3505.58,3453.9,211618860.0,sz399300
502,2015-01-30,3496.89,3434.39,3514.22,3431.94,196479157.0,sz399300
503,2015-02-02,3360.19,3353.96,3407.26,3347.08,195183699.0,sz399300
504,2015-02-03,3388.6,3437.45,3441.71,3360.72,192846096.0,sz399300
505,2015-02-04,3446.14,3401.77,3476.82,3399.56,191304349.0,sz399300
506,2015-02-05,3487.95,3366.95,3487.95,3366.86,250430609.0,sz399300
507,2015-02-06,3352.33,3312.42,3374.05,3285.94,192664186.0,sz399300
508,2015-02-09,3305.73,3345.92,3376.53,3298.6,172353820.0,sz399300
509,2015-02-10,3345.08,3406.94,3407.18,3339.55,159309088.0,sz399300
510,2015-02-11,3415.98,3434.12,3445.66,3412.14,144613772.0,sz399300
511,2015-02-12,3435.36,3442.87,3453.58,3405.63,156081691.0,sz399300
512,2015-02-13,3458.83,3469.83,3509.5,3452.08,201089971.0,sz399300
513,2015-02-16,3473.29,3499.48,3504.48,3466.61,165641343.0,sz399300
514,2015-02-17,3511.54,3522.32,3536.82,3511.09,165328313.0,sz399300
515,2015-02-25,3529.55,3478.73,3529.55,3463.96,165539351.0,sz399300
516,2015-02-26,3473.71,3566.29,3569.33,3456.87,229328438.0,sz399300
517,2015-02-27,3565.23,3572.84,3594.81,3560.46,222786438.0,sz399300
518,2015-03-02,3603.45,3601.26,3608.69,3566.53,248176125.0,sz399300
519,2015-03-03,3579.31,3507.9,3579.31,3504.2,261866489.0,sz399300
520,2015-03-04,3514.67,3530.82,3540.91,3497.17,199663981.0,sz399300
521,2015-03-05,3513.25,3496.34,3517.08,3467.68,217508805.0,sz399300
522,2015-03-06,3501.18,3478.52,3516.24,3472.39,181518054.0,sz399300
523,2015-03-09,3449.7,3537.75,3546.71,3417.49,233940411.0,sz399300
524,2015-03-10,3523.64,3520.61,3551.21,3511.99,194267657.0,sz399300
525,2015-03-11,3524.57,3524.65,3568.92,3512.22,188947825.0,sz399300
526,2015-03-12,3557.69,3592.84,3603.34,3536.53,265664625.0,sz399300
527,2015-03-13,3604.67,3617.66,3641.39,3594.74,246864768.0,sz399300
528,2015-03-16,3641.77,3705.67,3705.74,3621.12,275438307.0,sz399300
529,2015-03-17,3733.96,3757.12,3762.57,3716.81,371625666.0,sz399300
530,2015-03-18,3769.09,3846.05,3846.05,3763.85,415190011.0,sz399300
531,2015-03-19,3851.25,3839.74,3859.13,3809.71,391547630.0,sz399300
532,2015-03-20,3852.49,3892.57,3916.86,3832.42,401817552.0,sz399300
533,2015-03-23,3923.08,3972.06,3972.3,3922.21,391119922.0,sz399300
534,2015-03-24,3980.07,3973.05,3989.86,3883.78,468581312.0,sz399300
535,2015-03-25,3961.58,3940.41,3980.72,3913.99,379968851.0,sz399300
536,2015-03-26,3921.75,3950.0,3992.0,3892.88,346756315.0,sz399300
537,2015-03-27,3957.542,3971.697,3993.032,3993.032,298756064.0,sz399300
538,2015-03-30,3999.02,4088.18,4101.65,3999.02,428297020.0,sz399300
539,2015-03-31,4138.88,4051.2,4166.02,4037.77,436065635.0,sz399300
540,2015-04-01,4057.5,4123.9,4139.5,4046.94,329512853.0,sz399300
541,2015-04-02,4149.95,4124.78,4156.84,4068.65,339070487.0,sz399300
542,2015-04-03,4104.67,4170.54,4170.56,4092.38,321303766.0,sz399300
543,2015-04-07,4213.89,4260.04,4260.47,4197.02,415362654.0,sz399300
544,2015-04-08,4277.45,4295.8,4304.78,4204.83,458676715.0,sz399300
545,2015-04-09,4316.96,4262.14,4332.17,4212.61,439699902.0,sz399300
546,2015-04-10,4249.38,4344.42,4351.69,4231.2,348190170.0,sz399300
547,2015-04-13,4394.05,4421.07,4432.02,4361.59,434153036.0,sz399300
548,2015-04-14,4432.13,4438.18,4474.35,4385.91,434432126.0,sz399300
549,2015-04-15,4439.31,4380.51,4476.0,4379.61,472154131.0,sz399300
550,2015-04-16,4355.49,4513.55,4513.77,4335.63,422603748.0,sz399300
551,2015-04-17,4578.68,4596.14,4630.27,4553.9,552802663.0,sz399300
552,2015-04-20,4615.03,4521.92,4671.17,4492.6,686439075.0,sz399300
553,2015-04-21,4520.46,4619.16,4620.06,4504.56,490314991.0,sz399300
554,2015-04-22,4637.06,4739.81,4740.93,4632.59,516213792.0,sz399300
555,2015-04-23,4764.48,4740.89,4782.04,4693.97,497430954.0,sz399300
556,2015-04-24,4682.63,4702.64,4730.43,4618.32,480152936.0,sz399300
557,2015-04-27,4753.87,4807.59,4810.48,4735.31,513076548.0,sz399300
558,2015-04-28,4811.32,4741.86,4839.08,4703.57,608638545.0,sz399300
559,2015-04-29,4722.9,4774.33,4797.93,4695.79,395056980.0,sz399300
560,2015-04-30,4788.41,4749.89,4818.73,4749.48,399727444.0,sz399300
561,2015-05-04,4757.64,4787.74,4795.92,4699.4,377843853.0,sz399300
562,2015-05-05,4785.19,4596.84,4785.19,4572.98,460419626.0,sz399300
563,2015-05-06,4626.23,4553.33,4700.91,4511.76,376073702.0,sz399300
564,2015-05-07,4520.82,4470.09,4546.34,4467.46,297759203.0,sz399300
565,2015-05-08,4515.55,4558.4,4559.06,4445.59,302407967.0,sz399300
566,2015-05-11,4582.09,4690.53,4690.95,4535.15,373838420.0,sz399300
567,2015-05-12,4692.12,4747.42,4748.0,4660.02,377053891.0,sz399300
568,2015-05-13,4746.71,4718.44,4758.0,4678.85,370730424.0,sz399300
569,2015-05-14,4717.96,4700.78,4735.28,4670.17,337725152.0,sz399300
570,2015-05-15,4690.75,4617.47,4690.75,4592.05,328431166.0,sz399300
571,2015-05-18,4582.06,4575.14,4623.38,4565.06,269180489.0,sz399300
572,2015-05-19,4577.64,4731.22,4740.0,4577.64,314785952.0,sz399300
573,2015-05-20,4751.57,4754.92,4843.1,4745.21,363180748.0,sz399300
574,2015-05-21,4768.69,4840.98,4841.62,4746.03,305054537.0,sz399300
575,2015-05-22,4895.92,4951.33,4951.99,4870.6,455846718.0,sz399300
576,2015-05-25,4949.11,5099.5,5099.84,4949.11,465736590.0,sz399300
577,2015-05-26,5140.8,5198.92,5199.29,5063.15,487949359.0,sz399300
578,2015-05-27,5216.17,5181.43,5226.84,5126.86,470798730.0,sz399300
579,2015-05-28,5174.1,4834.01,5213.18,4831.33,571829047.0,sz399300
580,2015-05-29,4839.53,4840.83,4924.3,4665.52,427878859.0,sz399300
581,2015-06-01,4862.76,5076.18,5079.32,4835.77,417503741.0,sz399300
582,2015-06-02,5091.27,5161.87,5162.56,5047.08,412973196.0,sz399300
583,2015-06-03,5176.6,5143.59,5186.97,5059.5,414258270.0,sz399300
584,2015-06-04,5156.01,5181.42,5194.23,4863.46,482767268.0,sz399300
585,2015-06-05,5254.9,5230.55,5288.34,5104.18,545961196.0,sz399300
586,2015-06-08,5259.41,5353.75,5370.61,5202.6,637313237.0,sz399300
587,2015-06-09,5379.47,5317.46,5380.43,5251.21,570427263.0,sz399300
588,2015-06-10,5254.3,5309.11,5374.83,5209.68,442165676.0,sz399300
589,2015-06-11,5305.14,5306.59,5329.29,5248.16,392338755.0,sz399300
590,2015-06-12,5329.28,5335.12,5351.65,5283.09,430131386.0,sz399300
591,2015-06-15,5354.01,5221.17,5362.45,5207.31,475745703.0,sz399300
592,2015-06-16,5165.02,5064.82,5204.3,5015.27,411675638.0,sz399300
593,2015-06-17,5072.31,5138.83,5158.37,4949.29,397124187.0,sz399300
594,2015-06-18,5107.69,4930.55,5121.22,4926.43,364395814.0,sz399300
595,2015-06-19,4847.06,4637.05,4910.45,4634.69,358104744.0,sz399300
596,2015-06-23,4641.42,4786.09,4786.96,4455.33,365087944.0,sz399300
597,2015-06-24,4811.6,4880.13,4883.73,4744.31,434638723.0,sz399300
598,2015-06-25,4906.24,4706.52,4919.26,4667.22,446135982.0,sz399300
599,2015-06-26,4573.87,4336.19,4650.19,4278.67,446639790.0,sz399300
600,2015-06-29,4446.84,4191.55,4451.17,4000.93,525662482.0,sz399300
601,2015-06-30,4161.07,4473.0,4475.77,4016.01,527045280.0,sz399300
602,2015-07-01,4408.98,4253.02,4526.13,4235.7,431721411.0,sz399300
603,2015-07-02,4287.73,4108.0,4312.19,4000.06,457062194.0,sz399300
604,2015-07-03,4017.2,3885.92,4164.63,3785.9,429300850.0,sz399300
605,2015-07-06,4218.27,3998.54,4218.27,3832.47,648094530.0,sz399300
606,2015-07-07,3877.85,3928.0,3960.64,3743.62,679385007.0,sz399300
607,2015-07-08,3651.06,3663.04,3762.62,3612.25,581467097.0,sz399300
608,2015-07-09,3621.68,3897.63,3930.26,3537.83,503870610.0,sz399300
609,2015-07-10,3916.27,4106.56,4179.11,3887.55,500701802.0,sz399300
610,2015-07-13,4132.23,4211.81,4278.16,4072.43,502092186.0,sz399300
611,2015-07-14,4178.63,4112.15,4258.51,4062.5,454422009.0,sz399300
612,2015-07-15,4068.88,3966.76,4114.24,3899.51,421956367.0,sz399300
613,2015-07-16,3949.64,3997.36,4067.02,3856.32,330531345.0,sz399300
614,2015-07-17,4023.76,4151.5,4190.19,4000.23,331107131.0,sz399300
615,2015-07-20,4157.06,4160.61,4221.69,4106.39,352673472.0,sz399300
616,2015-07-21,4109.76,4166.01,4201.48,4081.7,318374945.0,sz399300
617,2015-07-22,4148.56,4157.16,4187.43,4094.71,318945997.0,sz399300
618,2015-07-23,4158.93,4250.81,4262.06,4148.82,354471759.0,sz399300
619,2015-07-24,4255.2,4176.28,4299.65,4154.62,392045373.0,sz399300
620,2015-07-27,4097.8,3818.73,4156.31,3817.17,365054511.0,sz399300
621,2015-07-28,3690.97,3811.09,3883.45,3627.42,383527216.0,sz399300
622,2015-07-29,3839.96,3930.38,3934.0,3769.19,276972845.0,sz399300
623,2015-07-30,3915.78,3815.41,3968.53,3802.88,271548665.0,sz399300
624,2015-07-31,3777.16,3816.7,3863.62,3757.99,222376767.0,sz399300
625,2015-08-03,3766.07,3829.24,3829.24,3742.58,245805030.0,sz399300
626,2015-08-04,3827.37,3948.16,3948.45,3801.03,220236556.0,sz399300
627,2015-08-05,3937.62,3866.9,3962.28,3858.66,200484269.0,sz399300
628,2015-08-06,3802.93,3831.85,3888.69,3793.24,147278694.0,sz399300
629,2015-08-07,3866.43,3906.95,3926.65,3857.91,183349153.0,sz399300
630,2015-08-10,3947.47,4084.36,4101.73,3932.84,306780540.0,sz399300
631,2015-08-11,4083.59,4066.67,4110.13,4042.0,322034191.0,sz399300
632,2015-08-12,4025.67,4016.13,4078.03,4015.35,255146196.0,sz399300
633,2015-08-13,4010.01,4075.46,4075.7,3967.82,242836979.0,sz399300
634,2015-08-14,4097.92,4073.54,4113.16,4056.73,253392996.0,sz399300
635,2015-08-17,4058.11,4077.87,4081.77,4009.99,256939638.0,sz399300
636,2015-08-18,4084.31,3825.41,4103.05,3816.55,319881070.0,sz399300
637,2015-08-19,3748.27,3886.14,3898.74,3668.19,269049839.0,sz399300
638,2015-08-20,3848.4,3761.45,3880.82,3761.45,212167965.0,sz399300
639,2015-08-21,3714.29,3589.54,3757.78,3578.18,217986403.0,sz399300
640,2015-08-24,3454.6,3275.53,3468.15,3266.55,255436652.0,sz399300
641,2015-08-25,3070.01,3042.93,3200.11,3019.56,276081306.0,sz399300
642,2015-08-26,3062.57,3025.69,3192.93,2952.01,308270623.0,sz399300
643,2015-08-27,3092.81,3205.64,3206.72,3028.4,267294930.0,sz399300
644,2015-08-28,3246.24,3342.29,3353.24,3223.62,299498426.0,sz399300
645,2015-08-31,3307.4,3366.54,3368.28,3205.54,280250403.0,sz399300
646,2015-09-01,3296.53,3362.08,3370.5,3190.58,352458528.0,sz399300
647,2015-09-02,3220.85,3365.83,3387.02,3213.64,347789412.0,sz399300
648,2015-09-07,3347.29,3250.49,3422.23,3240.24,204224431.0,sz399300
649,2015-09-08,3221.79,3334.02,3340.22,3170.81,154599631.0,sz399300
650,2015-09-09,3344.82,3399.3,3426.65,3330.29,220467421.0,sz399300
651,2015-09-10,3349.28,3357.56,3398.32,3337.31,144882971.0,sz399300
652,2015-09-11,3349.88,3347.19,3383.13,3315.48,108547508.0,sz399300
653,2015-09-14,3367.64,3281.13,3373.92,3187.57,205457251.0,sz399300
654,2015-09-15,3208.74,3152.23,3240.08,3131.98,143555641.0,sz399300
655,2015-09-16,3149.16,3309.25,3345.92,3131.37,159709994.0,sz399300
656,2015-09-17,3287.66,3237.0,3354.91,3237.0,169401881.0,sz399300
657,2015-09-18,3254.44,3251.27,3280.88,3227.83,106903481.0,sz399300
658,2015-09-21,3222.6,3308.25,3312.55,3211.93,122788668.0,sz399300
659,2015-09-22,3312.37,3339.03,3371.41,3303.18,146221985.0,sz399300
660,2015-09-23,3290.07,3263.03,3315.94,3253.33,123171439.0,sz399300
661,2015-09-24,3278.9,3285.0,3300.86,3255.9,102011238.0,sz399300
662,2015-09-25,3272.67,3231.95,3290.86,3201.91,121419278.0,sz399300
663,2015-09-28,3226.61,3242.75,3246.55,3186.51,74219468.0,sz399300
664,2015-09-29,3197.22,3178.85,3208.42,3159.04,87150633.0,sz399300
665,2015-09-30,3195.9,3202.95,3223.91,3186.77,78559349.0,sz399300
666,2015-10-08,3324.98,3296.48,3337.33,3294.6,132081768.0,sz399300
667,2015-10-09,3302.36,3340.12,3352.38,3293.97,124352500.0,sz399300
668,2015-10-12,3351.14,3447.69,3486.63,3347.25,221400468.0,sz399300
669,2015-10-13,3422.48,3445.04,3452.04,3413.97,145433786.0,sz399300
670,2015-10-14,3431.14,3406.11,3458.7,3403.23,152173938.0,sz399300
671,2015-10-15,3403.39,3486.81,3486.81,3402.32,171158299.0,sz399300
672,2015-10-16,3508.52,3534.06,3537.54,3487.1,208964709.0,sz399300
673,2015-10-19,3548.95,3534.18,3573.0,3502.5,207606744.0,sz399300
674,2015-10-20,3527.88,3577.7,3577.8,3510.44,179025108.0,sz399300
675,2015-10-21,3580.84,3473.25,3601.24,3417.41,282076050.0,sz399300
676,2015-10-22,3453.2,3524.53,3530.77,3442.31,184305580.0,sz399300
677,2015-10-23,3536.84,3571.24,3581.84,3515.82,198294478.0,sz399300
678,2015-10-26,3614.7,3589.26,3620.76,3561.19,204248863.0,sz399300
679,2015-10-27,3569.45,3592.88,3601.05,3486.1,192056140.0,sz399300
680,2015-10-28,3575.8,3524.92,3598.17,3517.21,170977098.0,sz399300
681,2015-10-29,3539.98,3533.31,3561.81,3507.97,127010446.0,sz399300
682,2015-10-30,3530.22,3534.08,3574.47,3497.57,139141914.0,sz399300
683,2015-11-02,3489.23,3475.96,3543.45,3474.71,130002568.0,sz399300
684,2015-11-03,3484.72,3465.49,3501.7,3452.62,101401876.0,sz399300
685,2015-11-04,3477.16,3628.54,3628.54,3477.16,205423865.0,sz399300
686,2015-11-05,3630.78,3705.97,3781.41,3627.3,398046568.0,sz399300
687,2015-11-06,3698.34,3793.37,3801.71,3694.66,298753076.0,sz399300
688,2015-11-09,3796.38,3840.35,3891.77,3796.38,356804823.0,sz399300
689,2015-11-10,3806.67,3833.24,3876.49,3798.82,286519603.0,sz399300
690,2015-11-11,3828.45,3833.65,3843.11,3781.41,232234296.0,sz399300
691,2015-11-12,3841.74,3795.32,3843.9,3771.27,217537647.0,sz399300
692,2015-11-13,3756.2,3746.24,3793.71,3727.58,203489891.0,sz399300
693,2015-11-16,3682.74,3764.13,3764.41,3680.07,161690901.0,sz399300
694,2015-11-17,3790.43,3758.39,3852.77,3750.16,248533071.0,sz399300
695,2015-11-18,3760.46,3715.58,3771.85,3706.31,185689495.0,sz399300
696,2015-11-19,3725.62,3774.97,3775.23,3714.68,154631989.0,sz399300
697,2015-11-20,3778.88,3774.38,3793.54,3757.03,186951689.0,sz399300
698,2015-11-23,3774.44,3753.33,3802.85,3743.41,175626812.0,sz399300
699,2015-11-24,3745.76,3753.89,3754.17,3702.74,143383283.0,sz399300
700,2015-11-25,3747.76,3781.61,3781.86,3735.72,151944941.0,sz399300
701,2015-11-26,3795.25,3759.43,3805.84,3756.82,173525468.0,sz399300
702,2015-11-27,3739.1,3556.99,3742.74,3534.39,208939358.0,sz399300
703,2015-11-30,3554.89,3566.41,3587.97,3455.07,173201163.0,sz399300
704,2015-12-01,3562.32,3591.7,3617.3,3536.12,136536554.0,sz399300
705,2015-12-02,3587.76,3721.96,3725.85,3573.4,213538865.0,sz399300
706,2015-12-03,3709.55,3749.3,3758.45,3693.14,197762126.0,sz399300
707,2015-12-04,3719.73,3677.59,3726.12,3667.29,151199522.0,sz399300
708,2015-12-07,3681.58,3687.61,3699.34,3658.58,113883150.0,sz399300
709,2015-12-08,3668.84,3623.02,3668.84,3619.45,125781083.0,sz399300
710,2015-12-09,3613.42,3635.94,3655.16,3611.49,113325422.0,sz399300
711,2015-12-10,3634.37,3623.08,3678.32,3615.99,120215625.0,sz399300
712,2015-12-11,3605.37,3608.06,3630.74,3578.15,110322481.0,sz399300
713,2015-12-14,3573.88,3711.32,3712.5,3571.0,151769119.0,sz399300
714,2015-12-15,3707.73,3694.39,3717.36,3679.23,126481710.0,sz399300
715,2015-12-16,3703.95,3685.44,3713.09,3677.45,111342723.0,sz399300
716,2015-12-17,3712.78,3755.89,3768.84,3709.85,177924075.0,sz399300
717,2015-12-18,3754.96,3767.91,3810.22,3750.93,173465980.0,sz399300
718,2015-12-21,3762.1,3865.97,3877.82,3759.99,217435275.0,sz399300
719,2015-12-22,3872.1,3876.73,3880.47,3841.59,180303661.0,sz399300
720,2015-12-23,3877.87,3866.38,3926.69,3862.97,207017147.0,sz399300
721,2015-12-24,3858.14,3829.4,3867.68,3787.08,147181397.0,sz399300
722,2015-12-25,3832.08,3838.2,3848.02,3813.2,119624013.0,sz399300
723,2015-12-28,3847.53,3727.63,3853.39,3727.63,153988440.0,sz399300
724,2015-12-29,3723.05,3761.88,3762.05,3710.48,101885555.0,sz399300
725,2015-12-30,3762.91,3765.18,3765.66,3726.28,105629955.0,sz399300
726,2015-12-31,3760.9,3731.0,3772.62,3727.32,101873556.0,sz399300
727,2016-01-04,3725.86,3470.41,3726.25,3469.01,115370674.0,sz399300
728,2016-01-05,3382.18,3478.78,3518.22,3377.28,162116984.0,sz399300
729,2016-01-06,3482.41,3539.81,3543.74,3468.47,145966144.0,sz399300
730,2016-01-07,3481.15,3294.38,3481.15,3284.74,44102641.0,sz399300
731,2016-01-08,3371.87,3361.56,3418.85,3237.93,185959451.0,sz399300
732,2016-01-11,3303.12,3192.45,3342.48,3192.45,174638387.0,sz399300
733,2016-01-12,3214.82,3215.71,3242.25,3174.55,128225796.0,sz399300
734,2016-01-13,3240.48,3155.88,3257.29,3155.88,120666494.0,sz399300
735,2016-01-14,3076.65,3221.57,3226.66,3072.04,134537671.0,sz399300
736,2016-01-15,3200.89,3118.73,3216.8,3101.05,124601779.0,sz399300
737,2016-01-18,3068.24,3130.73,3165.62,3066.73,101128386.0,sz399300
738,2016-01-19,3132.71,3223.12,3227.91,3119.22,127653893.0,sz399300
739,2016-01-20,3204.22,3174.38,3225.95,3154.43,130650504.0,sz399300
740,2016-01-21,3136.38,3081.34,3202.54,3081.34,111189733.0,sz399300
741,2016-01-22,3114.9,3113.46,3132.17,3053.96,89951087.0,sz399300
742,2016-01-25,3129.03,3128.89,3149.33,3105.1,81540061.0,sz399300
743,2016-01-26,3099.6,2940.51,3106.53,2934.65,126933921.0,sz399300
744,2016-01-27,2953.18,2930.35,2963.54,2839.29,132229366.0,sz399300
745,2016-01-28,2909.33,2853.76,2941.89,2841.84,99222756.0,sz399300
746,2016-01-29,2855.6,2946.09,2965.31,2854.37,113304259.0,sz399300
747,2016-02-01,2939.04,2901.05,2944.52,2869.56,86795342.0,sz399300
748,2016-02-02,2901.53,2961.33,2972.43,2901.51,88601963.0,sz399300
749,2016-02-03,2931.29,2948.64,2954.71,2909.9,77389000.0,sz399300
750,2016-02-04,2960.33,2984.76,2999.21,2960.21,91779724.0,sz399300
751,2016-02-05,2982.06,2963.79,2988.36,2962.85,76850808.0,sz399300
752,2016-02-15,2888.43,2946.71,2961.49,2886.02,72919434.0,sz399300
753,2016-02-16,2962.19,3037.03,3042.09,2962.19,112579643.0,sz399300
754,2016-02-17,3034.09,3063.32,3065.78,3027.05,128291607.0,sz399300
755,2016-02-18,3079.53,3053.7,3093.51,3049.84,124401464.0,sz399300
756,2016-02-19,3047.94,3051.58,3065.97,3032.63,87338012.0,sz399300
757,2016-02-22,3083.93,3118.87,3128.21,3071.33,140946968.0,sz399300
758,2016-02-23,3117.2,3089.36,3119.22,3061.43,112567391.0,sz399300
759,2016-02-24,3077.61,3109.54,3109.54,3055.25,111782650.0,sz399300
760,2016-02-25,3104.41,2918.75,3104.44,2905.46,157829752.0,sz399300
761,2016-02-26,2942.09,2948.03,2964.39,2902.95,106949729.0,sz399300
762,2016-02-29,2939.58,2877.47,2939.88,2821.22,129341020.0,sz399300
763,2016-03-01,2881.33,2930.69,2950.44,2863.32,116045918.0,sz399300
764,2016-03-02,2933.92,3051.33,3054.72,2933.12,175972347.0,sz399300
765,2016-03-03,3050.39,3058.42,3078.44,3040.25,173105744.0,sz399300
766,2016-03-04,3047.54,3093.89,3101.66,3032.42,219172534.0,sz399300
767,2016-03-07,3109.0,3104.84,3130.9,3083.58,132462037.0,sz399300
768,2016-03-08,3100.15,3107.67,3109.25,3001.83,136235742.0,sz399300
769,2016-03-09,3045.92,3071.91,3072.92,3020.13,111466245.0,sz399300
770,2016-03-10,3056.21,3013.15,3074.16,3012.69,76072197.0,sz399300
771,2016-03-11,2990.21,3018.28,3026.44,2982.17,73333564.0,sz399300
772,2016-03-14,3039.57,3065.69,3106.8,3034.0,117108655.0,sz399300
773,2016-03-15,3061.34,3074.78,3077.08,3028.58,98311941.0,sz399300
774,2016-03-16,3068.87,3090.03,3100.35,3064.52,124736448.0,sz399300
775,2016-03-17,3096.81,3124.2,3147.84,3077.57,121661777.0,sz399300
776,2016-03-18,3136.22,3171.96,3197.67,3130.1,197302564.0,sz399300
777,2016-03-21,3203.29,3249.44,3267.77,3198.36,233269464.0,sz399300
778,2016-03-22,3231.61,3225.79,3249.68,3218.73,161020897.0,sz399300
779,2016-03-23,3217.73,3236.09,3242.25,3202.98,125679286.0,sz399300
780,2016-03-24,3211.5,3181.85,3221.91,3181.81,133131122.0,sz399300
781,2016-03-25,3176.81,3197.82,3204.44,3174.32,97395330.0,sz399300
782,2016-03-28,3206.95,3169.73,3229.62,3161.88,103441933.0,sz399300
783,2016-03-29,3171.31,3135.41,3178.07,3122.76,97294747.0,sz399300
784,2016-03-30,3161.29,3216.27,3216.68,3161.29,117802512.0,sz399300
785,2016-03-31,3229.2,3218.09,3241.93,3208.67,121552074.0,sz399300
786,2016-04-01,3213.67,3221.9,3222.61,3165.86,118122139.0,sz399300
787,2016-04-05,3211.3,3264.49,3271.93,3205.21,146047772.0,sz399300
788,2016-04-06,3250.52,3257.53,3267.64,3236.2,120196305.0,sz399300
789,2016-04-07,3266.29,3209.29,3270.82,3208.64,112409467.0,sz399300
790,2016-04-08,3189.85,3185.73,3197.77,3163.3,101005625.0,sz399300
791,2016-04-11,3213.51,3230.1,3251.57,3213.51,125212709.0,sz399300
792,2016-04-12,3227.37,3218.45,3232.26,3198.9,92869437.0,sz399300
793,2016-04-13,3237.86,3261.38,3296.52,3237.86,195613866.0,sz399300
794,2016-04-14,3277.1,3275.83,3286.07,3252.05,113157327.0,sz399300
795,2016-04-15,3279.86,3272.21,3282.99,3261.73,99807529.0,sz399300
796,2016-04-18,3252.67,3228.45,3252.67,3221.66,97090069.0,sz399300
797,2016-04-19,3243.97,3238.3,3250.73,3221.58,80871440.0,sz399300
798,2016-04-20,3244.14,3181.03,3248.42,3107.37,162207858.0,sz399300
799,2016-04-21,3160.8,3160.6,3198.56,3150.94,104752651.0,sz399300
800,2016-04-22,3142.56,3174.9,3175.38,3137.99,77078492.0,sz399300
801,2016-04-25,3164.74,3162.03,3172.27,3137.11,67519351.0,sz399300
802,2016-04-26,3159.77,3179.16,3181.09,3150.4,59020734.0,sz399300
803,2016-04-27,3181.93,3165.92,3188.83,3162.69,60004147.0,sz399300
804,2016-04-28,3169.33,3160.58,3174.77,3135.64,69870660.0,sz399300
805,2016-04-29,3153.54,3156.75,3171.29,3149.4,58029776.0,sz399300
806,2016-05-03,3159.82,3213.54,3218.49,3151.41,98164835.0,sz399300
807,2016-05-04,3203.47,3209.46,3222.88,3198.29,90862408.0,sz399300
808,2016-05-05,3204.17,3213.92,3217.28,3196.57,74733681.0,sz399300
809,2016-05-06,3213.14,3130.35,3216.89,3130.15,108680240.0,sz399300
810,2016-05-09,3115.43,3065.61,3115.43,3055.0,99230477.0,sz399300
811,2016-05-10,3055.21,3069.11,3084.72,3055.18,68849935.0,sz399300
812,2016-05-11,3080.64,3082.81,3102.88,3063.09,81794258.0,sz399300
813,2016-05-12,3059.38,3090.14,3095.35,3035.02,78765726.0,sz399300
814,2016-05-13,3081.68,3074.94,3103.09,3064.69,62629755.0,sz399300
815,2016-05-16,3064.53,3095.31,3095.55,3053.66,59461856.0,sz399300
816,2016-05-17,3095.52,3086.02,3105.2,3073.46,65278125.0,sz399300
817,2016-05-18,3071.53,3068.03,3072.61,3039.46,82715369.0,sz399300
818,2016-05-19,3060.34,3062.5,3086.98,3058.15,60444166.0,sz399300
819,2016-05-20,3047.78,3078.22,3078.53,3041.52,56080842.0,sz399300
820,2016-05-23,3078.51,3087.22,3098.48,3076.5,59697216.0,sz399300
821,2016-05-24,3083.24,3063.55,3083.26,3052.59,58734385.0,sz399300
822,2016-05-25,3079.75,3059.23,3089.1,3054.87,56652803.0,sz399300
823,2016-05-26,3056.6,3064.21,3072.52,3027.44,60392981.0,sz399300
824,2016-05-27,3059.73,3062.5,3073.76,3052.18,60468750.0,sz399300
825,2016-05-30,3056.31,3066.71,3075.26,3037.66,63098579.0,sz399300
826,2016-05-31,3068.6,3169.56,3170.93,3068.6,138863111.0,sz399300
827,2016-06-01,3172.96,3160.55,3181.79,3159.82,113148482.0,sz399300
828,2016-06-02,3158.02,3167.1,3168.82,3151.06,86003427.0,sz399300
829,2016-06-03,3172.95,3189.32,3201.75,3162.09,101491783.0,sz399300
830,2016-06-06,3192.78,3178.79,3197.22,3168.55,76693751.0,sz399300
831,2016-06-07,3182.44,3177.05,3186.62,3168.18,68928314.0,sz399300
832,2016-06-08,3171.81,3163.99,3174.97,3148.35,76291775.0,sz399300
833,2016-06-13,3134.04,3066.34,3145.6,3065.77,92975947.0,sz399300
834,2016-06-14,3058.44,3075.98,3078.75,3055.66,66279457.0,sz399300
835,2016-06-15,3043.96,3116.37,3128.67,3042.23,87393257.0,sz399300
836,2016-06-16,3104.36,3094.67,3112.48,3089.48,82974703.0,sz399300
837,2016-06-17,3096.09,3110.36,3131.05,3096.09,85402985.0,sz399300
838,2016-06-20,3114.91,3112.67,3118.73,3089.71,63587141.0,sz399300
839,2016-06-21,3124.9,3106.32,3155.49,3097.94,87965345.0,sz399300
840,2016-06-22,3100.45,3133.96,3134.06,3096.99,66487113.0,sz399300
841,2016-06-23,3129.72,3117.32,3129.72,3102.48,67751738.0,sz399300
842,2016-06-24,3110.65,3077.16,3130.54,3033.97,104792208.0,sz399300
843,2016-06-27,3065.13,3120.54,3120.64,3064.97,83267259.0,sz399300
844,2016-06-28,3107.4,3136.4,3139.43,3099.7,92024637.0,sz399300
845,2016-06-29,3142.48,3151.39,3158.08,3139.13,103723668.0,sz399300
846,2016-06-30,3152.83,3153.92,3163.72,3148.2,79692617.0,sz399300
847,2016-07-01,3156.93,3154.2,3170.26,3148.29,71746283.0,sz399300
848,2016-07-04,3136.39,3204.7,3210.6,3134.02,133310529.0,sz399300
849,2016-07-05,3199.16,3207.38,3216.7,3198.0,130226895.0,sz399300
850,2016-07-06,3197.62,3216.8,3217.51,3183.45,124897458.0,sz399300
851,2016-07-07,3206.55,3209.95,3220.54,3190.12,118595202.0,sz399300
852,2016-07-08,3199.75,3192.28,3204.93,3183.96,89734855.0,sz399300
853,2016-07-11,3199.04,3203.33,3235.96,3197.62,138529511.0,sz399300
854,2016-07-12,3201.91,3273.18,3273.47,3200.3,172534217.0,sz399300
855,2016-07-13,3274.02,3282.87,3300.99,3271.77,175196090.0,sz399300
856,2016-07-14,3277.48,3276.76,3281.95,3259.06,107525798.0,sz399300
857,2016-07-15,3278.83,3276.28,3285.03,3265.29,102665026.0,sz399300
858,2016-07-18,3269.71,3262.02,3281.64,3251.76,110312518.0,sz399300
859,2016-07-19,3260.43,3248.23,3264.73,3226.2,88886861.0,sz399300
860,2016-07-20,3246.86,3237.6,3254.51,3232.26,72701255.0,sz399300
861,2016-07-21,3238.34,3252.52,3271.37,3238.3,86004825.0,sz399300
862,2016-07-22,3251.24,3225.16,3253.77,3220.89,86029128.0,sz399300
863,2016-07-25,3220.17,3230.89,3243.79,3218.14,70203185.0,sz399300
864,2016-07-26,3228.23,3269.59,3269.75,3228.01,81051089.0,sz399300
865,2016-07-27,3270.08,3218.24,3276.51,3157.41,160188665.0,sz399300
866,2016-07-28,3204.46,3221.14,3235.78,3195.27,112779964.0,sz399300
867,2016-07-29,3217.19,3203.93,3225.42,3198.68,88044837.0,sz399300
868,2016-08-01,3196.43,3176.81,3199.98,3156.75,87003497.0,sz399300
869,2016-08-02,3173.76,3189.05,3189.05,3165.54,62167639.0,sz399300
870,2016-08-03,3179.68,3193.51,3197.16,3173.53,72864102.0,sz399300
871,2016-08-04,3190.55,3201.29,3201.55,3170.42,73504373.0,sz399300
872,2016-08-05,3201.35,3205.11,3224.87,3192.86,77196366.0,sz399300
873,2016-08-08,3199.57,3234.18,3234.48,3187.25,86676051.0,sz399300
874,2016-08-09,3232.6,3256.98,3257.33,3229.17,91065259.0,sz399300
875,2016-08-10,3255.18,3243.34,3261.86,3242.75,90430372.0,sz399300
876,2016-08-11,3239.56,3233.36,3274.03,3232.61,101041213.0,sz399300
877,2016-08-12,3231.81,3294.23,3294.23,3231.14,116254044.0,sz399300
878,2016-08-15,3303.47,3393.42,3417.91,3302.38,220543421.0,sz399300
879,2016-08-16,3403.38,3378.25,3418.69,3372.02,196389740.0,sz399300
880,2016-08-17,3377.77,3373.05,3394.39,3356.92,138847688.0,sz399300
881,2016-08-18,3369.95,3364.49,3394.79,3349.69,142380169.0,sz399300
882,2016-08-19,3358.55,3365.02,3374.04,3341.19,119961508.0,sz399300
883,2016-08-22,3364.68,3336.79,3372.83,3335.47,107951008.0,sz399300
884,2016-08-23,3332.62,3341.83,3359.65,3324.96,92924516.0,sz399300
885,2016-08-24,3341.93,3329.86,3348.13,3323.73,81191429.0,sz399300
886,2016-08-25,3314.08,3308.97,3315.08,3279.81,100589153.0,sz399300
887,2016-08-26,3312.5,3307.09,3328.95,3301.74,81530691.0,sz399300
888,2016-08-29,3306.57,3307.78,3315.08,3297.07,77036333.0,sz399300
889,2016-08-30,3310.32,3311.99,3325.12,3304.6,75725987.0,sz399300
890,2016-08-31,3310.56,3327.79,3333.97,3304.66,79570805.0,sz399300
891,2016-09-01,3326.74,3301.58,3329.34,3301.21,84947219.0,sz399300
892,2016-09-02,3298.72,3314.11,3320.43,3295.75,82791803.0,sz399300
893,2016-09-05,3321.0,3319.68,3338.42,3314.63,78292477.0,sz399300
894,2016-09-06,3322.02,3342.62,3347.95,3300.12,98283998.0,sz399300
895,2016-09-07,3344.06,3340.82,3357.36,3337.75,102940106.0,sz399300
896,2016-09-08,3338.01,3339.56,3343.4,3328.23,71916158.0,sz399300
897,2016-09-09,3339.37,3318.04,3344.95,3318.04,82657036.0,sz399300
898,2016-09-12,3271.87,3262.6,3276.72,3234.57,122917682.0,sz399300
899,2016-09-13,3265.34,3260.33,3269.22,3246.39,67180288.0,sz399300
900,2016-09-14,3245.74,3238.73,3255.0,3231.33,70432697.0,sz399300
901,2016-09-19,3242.74,3263.12,3264.9,3242.74,58831082.0,sz399300
902,2016-09-20,3264.66,3257.4,3265.03,3252.39,52784206.0,sz399300
903,2016-09-21,3257.71,3266.64,3270.9,3254.32,59142979.0,sz399300
904,2016-09-22,3281.47,3291.12,3303.2,3277.98,75753542.0,sz399300
905,2016-09-23,3292.28,3275.67,3293.92,3275.02,57993986.0,sz399300
906,2016-09-26,3267.69,3220.28,3267.69,3220.28,70452186.0,sz399300
907,2016-09-27,3214.87,3240.75,3240.77,3214.44,58460550.0,sz399300
908,2016-09-28,3243.65,3230.89,3243.65,3228.0,44727498.0,sz399300
909,2016-09-29,3234.86,3244.39,3257.77,3234.8,55452556.0,sz399300
910,2016-09-30,3240.18,3253.28,3260.94,3239.04,44978022.0,sz399300
911,2016-10-10,3265.36,3293.87,3294.64,3258.96,80519260.0,sz399300
912,2016-10-11,3296.87,3306.56,3308.0,3292.88,87713163.0,sz399300
913,2016-10-12,3299.14,3300.01,3302.56,3289.75,68669781.0,sz399300
914,2016-10-13,3299.16,3302.65,3307.41,3292.4,81224198.0,sz399300
915,2016-10-14,3298.73,3305.85,3306.69,3285.73,82316271.0,sz399300
916,2016-10-17,3305.96,3277.88,3309.01,3271.54,86113509.0,sz399300
917,2016-10-18,3272.68,3321.33,3321.33,3272.68,102860714.0,sz399300
918,2016-10-19,3323.3,3316.24,3332.52,3309.83,101167725.0,sz399300
919,2016-10-20,3317.18,3318.6,3324.9,3312.17,79238871.0,sz399300
920,2016-10-21,3315.72,3327.74,3341.56,3309.18,109785176.0,sz399300
921,2016-10-24,3332.51,3367.58,3382.83,3330.97,153014345.0,sz399300
922,2016-10-25,3367.48,3367.45,3373.91,3356.59,111191693.0,sz399300
923,2016-10-26,3365.2,3354.8,3367.83,3349.57,98024786.0,sz399300
924,2016-10-27,3351.46,3345.7,3352.35,3335.13,77629851.0,sz399300
925,2016-10-28,3347.14,3340.13,3370.75,3337.29,93133309.0,sz399300
926,2016-10-31,3332.41,3336.28,3340.47,3317.33,71352863.0,sz399300
927,2016-11-01,3338.71,3359.05,3359.39,3334.46,74938199.0,sz399300
928,2016-11-02,3350.71,3333.35,3356.4,3331.38,91197104.0,sz399300
929,2016-11-03,3326.9,3365.08,3379.99,3324.84,126223504.0,sz399300
930,2016-11-04,3362.21,3354.17,3377.64,3348.43,104069655.0,sz399300
931,2016-11-07,3353.44,3356.59,3362.74,3342.31,99877988.0,sz399300
932,2016-11-08,3367.7,3371.12,3383.92,3361.13,103148282.0,sz399300
933,2016-11-09,3370.6,3353.05,3373.1,3322.08,139110059.0,sz399300
934,2016-11-10,3374.91,3390.61,3403.02,3374.91,134705535.0,sz399300
935,2016-11-11,3387.95,3417.22,3422.67,3382.89,198781496.0,sz399300
936,2016-11-14,3409.22,3430.25,3452.62,3408.14,213247105.0,sz399300
937,2016-11-15,3428.87,3429.87,3434.92,3415.99,134566320.0,sz399300
938,2016-11-16,3432.43,3429.59,3435.64,3419.24,129808511.0,sz399300
939,2016-11-17,3423.47,3436.53,3437.67,3412.88,121561731.0,sz399300
940,2016-11-18,3437.49,3417.46,3443.12,3413.27,115951205.0,sz399300
941,2016-11-21,3412.65,3441.11,3463.14,3412.08,146434529.0,sz399300
942,2016-11-22,3443.22,3468.36,3469.22,3443.22,168523446.0,sz399300
943,2016-11-23,3473.9,3474.73,3492.96,3465.76,162388504.0,sz399300
944,2016-11-24,3468.81,3488.74,3508.16,3467.01,145746301.0,sz399300
945,2016-11-25,3490.04,3521.3,3521.3,3463.95,153621506.0,sz399300
946,2016-11-28,3538.68,3535.08,3553.36,3528.32,207375483.0,sz399300
947,2016-11-29,3525.9,3564.04,3583.72,3521.38,236918356.0,sz399300
948,2016-11-30,3557.64,3538.0,3567.07,3527.02,178560178.0,sz399300
949,2016-12-01,3543.96,3565.04,3575.97,3543.25,180170761.0,sz399300
950,2016-12-02,3559.77,3528.95,3562.55,3516.79,196355480.0,sz399300
951,2016-12-05,3473.69,3469.41,3496.88,3457.34,180852355.0,sz399300
952,2016-12-06,3466.24,3459.15,3477.59,3456.81,115529090.0,sz399300
953,2016-12-07,3458.37,3475.75,3475.75,3445.76,114345103.0,sz399300
954,2016-12-08,3481.81,3470.14,3484.34,3466.51,117383922.0,sz399300
955,2016-12-09,3464.87,3493.7,3507.93,3461.76,150303308.0,sz399300
956,2016-12-12,3489.27,3409.18,3495.8,3400.79,187467751.0,sz399300
957,2016-12-13,3394.21,3405.04,3416.21,3370.6,121105097.0,sz399300
958,2016-12-14,3399.41,3378.95,3412.28,3378.27,124007744.0,sz399300
959,2016-12-15,3363.86,3340.43,3378.04,3327.14,114960660.0,sz399300
960,2016-12-16,3335.36,3346.03,3356.29,3330.49,90775422.0,sz399300
961,2016-12-19,3342.34,3328.98,3344.86,3325.0,81640678.0,sz399300
962,2016-12-20,3328.3,3309.06,3329.1,3289.27,87569592.0,sz399300
963,2016-12-21,3313.75,3338.54,3342.48,3313.75,108254995.0,sz399300
964,2016-12-22,3335.12,3335.67,3340.36,3322.72,92277249.0,sz399300
965,2016-12-23,3333.4,3307.6,3334.89,3300.88,97444713.0,sz399300
966,2016-12-26,3293.22,3322.4,3322.42,3267.05,89793982.0,sz399300
967,2016-12-27,3319.21,3316.39,3330.23,3315.83,75486359.0,sz399300
968,2016-12-28,3315.75,3301.89,3320.55,3293.17,69000437.0,sz399300
969,2016-12-29,3297.04,3297.76,3312.11,3288.1,70087923.0,sz399300
970,2016-12-30,3302.6,3310.08,3313.55,3295.75,71744116.0,sz399300
971,2017-01-03,3313.95,3342.23,3345.26,3313.95,86567896.0,sz399300
972,2017-01-04,3340.56,3368.31,3369.57,3338.15,90050827.0,sz399300
973,2017-01-05,3368.34,3367.79,3373.41,3361.46,88336357.0,sz399300
974,2017-01-06,3366.85,3347.67,3368.87,3346.89,87459114.0,sz399300
975,2017-01-09,3345.75,3363.9,3366.22,3344.35,83707942.0,sz399300
976,2017-01-10,3361.64,3358.27,3370.51,3354.09,83819160.0,sz399300
977,2017-01-11,3355.8,3334.5,3366.63,3334.3,91071438.0,sz399300
978,2017-01-12,3332.69,3317.62,3343.13,3315.96,81239135.0,sz399300
979,2017-01-13,3317.96,3319.91,3338.17,3309.37,84180589.0,sz399300
980,2017-01-16,3314.15,3319.45,3322.78,3264.21,157779135.0,sz399300
981,2017-01-17,3305.6,3326.36,3327.38,3292.2,69453328.0,sz399300
982,2017-01-18,3323.34,3339.37,3350.96,3320.41,70623227.0,sz399300
983,2017-01-19,3330.95,3329.29,3346.5,3324.68,66159808.0,sz399300
984,2017-01-20,3326.98,3354.89,3358.41,3326.37,65300462.0,sz399300
985,2017-01-23,3359.05,3364.08,3378.74,3355.85,75557498.0,sz399300
986,2017-01-24,3363.14,3364.45,3371.32,3355.9,66194226.0,sz399300
987,2017-01-25,3361.66,3375.9,3376.44,3357.22,58376931.0,sz399300
988,2017-01-26,3378.26,3387.96,3395.88,3378.26,65316647.0,sz399300
989,2017-02-03,3390.93,3364.49,3392.48,3362.57,55188861.0,sz399300
990,2017-02-06,3368.11,3373.21,3381.33,3358.75,68521360.0,sz399300
991,2017-02-07,3371.77,3365.68,3376.71,3354.62,63754462.0,sz399300
992,2017-02-08,3361.78,3383.29,3383.69,3347.43,75402879.0,sz399300
993,2017-02-09,3381.9,3396.29,3406.59,3379.79,97558515.0,sz399300
994,2017-02-10,3398.32,3413.49,3422.33,3398.03,123768720.0,sz399300
995,2017-02-13,3416.92,3436.27,3439.54,3416.87,120144538.0,sz399300
996,2017-02-14,3438.51,3435.8,3440.67,3424.4,94809465.0,sz399300
997,2017-02-15,3435.39,3421.71,3448.03,3417.08,127643338.0,sz399300
998,2017-02-16,3421.83,3440.93,3440.93,3418.35,108276962.0,sz399300
999,2017-02-17,3443.62,3421.44,3457.56,3419.61,114600036.0,sz399300
1000,2017-02-20,3421.64,3471.39,3472.6,3421.64,132628862.0,sz399300
1001,2017-02-21,3475.06,3482.82,3490.09,3472.02,114842009.0,sz399300
1002,2017-02-22,3483.2,3489.76,3489.95,3473.52,102815994.0,sz399300
1003,2017-02-23,3487.57,3473.32,3492.96,3460.12,99536330.0,sz399300
1004,2017-02-24,3468.96,3473.85,3473.85,3455.25,95535133.0,sz399300
1005,2017-02-27,3471.13,3446.22,3472.84,3441.39,98672160.0,sz399300
1006,2017-02-28,3445.03,3452.81,3460.91,3441.36,75215260.0,sz399300
1007,2017-03-01,3452.21,3458.44,3472.7,3449.11,103260354.0,sz399300
1008,2017-03-02,3463.48,3435.1,3468.47,3434.0,89898077.0,sz399300
1009,2017-03-03,3424.66,3427.86,3428.88,3412.83,80994652.0,sz399300
1010,2017-03-06,3427.25,3446.48,3449.03,3425.9,83070882.0,sz399300
1011,2017-03-07,3446.16,3453.96,3454.04,3440.06,80334720.0,sz399300
1012,2017-03-08,3452.2,3448.73,3457.04,3441.26,79587690.0,sz399300
1013,2017-03-09,3442.9,3426.94,3443.05,3414.68,84570381.0,sz399300
1014,2017-03-10,3423.98,3427.89,3436.24,3423.94,70016199.0,sz399300
1015,2017-03-13,3425.67,3458.1,3458.1,3412.69,91684124.0,sz399300
1016,2017-03-14,3456.66,3456.69,3465.39,3448.9,77077963.0,sz399300
1017,2017-03-15,3452.21,3463.64,3463.92,3445.27,79104954.0,sz399300
1018,2017-03-16,3472.27,3481.51,3492.13,3472.27,106333913.0,sz399300
1019,2017-03-17,3485.31,3445.81,3488.5,3441.47,103755560.0,sz399300
1020,2017-03-20,3449.05,3449.61,3454.06,3429.83,88734322.0,sz399300
1021,2017-03-21,3449.77,3466.35,3466.7,3445.64,87707855.0,sz399300
1022,2017-03-22,3450.75,3450.05,3464.33,3433.5,104935894.0,sz399300
1023,2017-03-23,3452.41,3461.98,3470.82,3435.69,94318062.0,sz399300
1024,2017-03-24,3464.2,3489.6,3499.32,3461.11,125645833.0,sz399300
1025,2017-03-27,3488.76,3478.04,3505.98,3474.52,107015377.0,sz399300
1026,2017-03-28,3480.25,3469.81,3482.29,3461.47,84194820.0,sz399300
1027,2017-03-29,3472.97,3465.19,3483.06,3455.55,104851706.0,sz399300
1028,2017-03-30,3461.62,3436.76,3467.3,3422.37,116376922.0,sz399300
1029,2017-03-31,3434.82,3456.05,3456.31,3430.82,91577491.0,sz399300
1030,2017-04-05,3476.42,3503.89,3504.54,3475.15,143399017.0,sz399300
1031,2017-04-06,3507.99,3514.05,3517.78,3495.72,136767004.0,sz399300
1032,2017-04-07,3514.45,3517.46,3526.81,3506.39,140293204.0,sz399300
1033,2017-04-10,3519.46,3505.14,3522.8,3502.08,141887380.0,sz399300
1034,2017-04-11,3503.83,3517.33,3520.13,3466.14,165945832.0,sz399300
1035,2017-04-12,3514.57,3509.44,3523.1,3498.0,181824537.0,sz399300
1036,2017-04-13,3500.28,3514.57,3518.44,3496.57,129981813.0,sz399300
1037,2017-04-14,3516.81,3486.5,3517.47,3476.95,135474078.0,sz399300
1038,2017-04-17,3475.74,3479.94,3480.57,3453.68,117164961.0,sz399300
1039,2017-04-18,3474.89,3462.74,3489.08,3462.63,110927823.0,sz399300
1040,2017-04-19,3452.99,3445.88,3459.35,3418.51,121349264.0,sz399300
1041,2017-04-20,3444.52,3461.55,3465.61,3440.72,114184208.0,sz399300
1042,2017-04-21,3461.39,3466.79,3475.56,3449.54,104419110.0,sz399300
1043,2017-04-24,3458.23,3431.26,3458.23,3403.98,114660791.0,sz399300
1044,2017-04-25,3427.73,3440.97,3449.67,3422.65,94072148.0,sz399300
1045,2017-04-26,3440.25,3445.18,3466.57,3439.15,111940029.0,sz399300
1046,2017-04-27,3435.1,3446.72,3449.27,3399.54,123298425.0,sz399300
1047,2017-04-28,3439.57,3439.75,3439.9,3417.24,101632351.0,sz399300
1048,2017-05-02,3427.92,3426.58,3436.31,3418.67,92797462.0,sz399300
1049,2017-05-03,3421.76,3413.13,3432.22,3403.08,91669624.0,sz399300
1050,2017-05-04,3404.94,3404.39,3421.4,3391.28,103482075.0,sz399300
1051,2017-05-05,3393.48,3382.55,3395.45,3366.56,109895333.0,sz399300
1052,2017-05-08,3369.11,3358.81,3374.16,3339.57,123749287.0,sz399300
1053,2017-05-09,3342.6,3352.53,3358.05,3327.59,76771668.0,sz399300
1054,2017-05-10,3350.65,3337.7,3369.43,3336.0,92082628.0,sz399300
1055,2017-05-11,3322.95,3356.65,3359.6,3312.89,109252890.0,sz399300
1056,2017-05-12,3350.94,3385.38,3387.27,3349.17,93386466.0,sz399300
1057,2017-05-15,3391.59,3399.19,3406.58,3391.59,82977611.0,sz399300
1058,2017-05-16,3390.93,3428.65,3428.85,3373.55,105242416.0,sz399300
1059,2017-05-17,3423.19,3409.97,3433.97,3408.15,99736837.0,sz399300
1060,2017-05-18,3387.67,3398.11,3409.93,3383.94,85759589.0,sz399300
1061,2017-05-19,3395.23,3403.85,3405.94,3392.38,71473525.0,sz399300
1062,2017-05-22,3400.59,3411.24,3424.18,3391.17,92539559.0,sz399300
1063,2017-05-23,3405.03,3424.19,3434.77,3401.53,116911033.0,sz399300
1064,2017-05-24,3409.72,3424.17,3424.17,3383.89,83553161.0,sz399300
1065,2017-05-25,3414.4,3485.66,3490.42,3413.22,130721631.0,sz399300
1066,2017-05-26,3479.62,3480.43,3498.31,3473.04,103241153.0,sz399300
1067,2017-05-31,3495.07,3492.88,3515.08,3474.92,104829744.0,sz399300
1068,2017-06-01,3485.22,3497.74,3499.81,3476.43,103127724.0,sz399300
1069,2017-06-02,3491.59,3486.51,3498.12,3470.2,82668010.0,sz399300
1070,2017-06-05,3480.17,3468.75,3484.12,3462.31,79738152.0,sz399300
1071,2017-06-06,3464.38,3492.88,3492.88,3460.45,64089388.0,sz399300
1072,2017-06-07,3493.88,3533.87,3537.09,3491.13,104419968.0,sz399300
1073,2017-06-08,3531.24,3560.98,3562.27,3528.18,90224905.0,sz399300
1074,2017-06-09,3561.24,3576.17,3590.89,3560.63,101188265.0,sz399300
1075,2017-06-12,3570.22,3574.39,3603.69,3565.9,90381167.0,sz399300
1076,2017-06-13,3569.16,3582.27,3584.41,3559.21,75177138.0,sz399300
1077,2017-06-14,3571.25,3535.3,3571.25,3530.27,83810783.0,sz399300
1078,2017-06-15,3530.75,3528.79,3542.28,3508.95,82632535.0,sz399300
1079,2017-06-16,3522.97,3518.76,3536.14,3514.39,76452707.0,sz399300
1080,2017-06-19,3520.06,3553.67,3554.91,3520.06,79797141.0,sz399300
1081,2017-06-20,3560.79,3546.49,3563.7,3539.51,80509559.0,sz399300
1082,2017-06-21,3567.13,3587.96,3587.99,3545.57,87859824.0,sz399300
1083,2017-06-22,3583.56,3590.34,3635.53,3581.34,135526987.0,sz399300
1084,2017-06-23,3583.44,3622.88,3623.24,3569.32,105129134.0,sz399300
1085,2017-06-26,3627.02,3668.09,3671.94,3627.02,134637995.0,sz399300
1086,2017-06-27,3665.58,3674.72,3676.53,3648.76,97558702.0,sz399300
1087,2017-06-28,3664.16,3646.17,3672.19,3644.03,97920858.0,sz399300
1088,2017-06-29,3649.25,3668.83,3669.13,3644.73,85589498.0,sz399300
1089,2017-06-30,3654.73,3666.8,3669.76,3646.23,81510028.0,sz399300
1090,2017-07-03,3667.23,3650.85,3667.6,3633.78,88820860.0,sz399300
1091,2017-07-04,3646.83,3619.98,3646.85,3611.69,95071413.0,sz399300
1092,2017-07-05,3611.9,3659.68,3660.73,3610.46,88232425.0,sz399300
1093,2017-07-06,3654.56,3660.1,3666.77,3629.56,102379245.0,sz399300
1094,2017-07-07,3647.64,3655.93,3657.11,3631.87,103735497.0,sz399300
1095,2017-07-10,3647.94,3653.69,3667.85,3641.53,120591910.0,sz399300
1096,2017-07-11,3646.88,3670.81,3701.21,3645.99,118760826.0,sz399300
1097,2017-07-12,3672.63,3658.82,3691.58,3640.59,122287792.0,sz399300
1098,2017-07-13,3656.35,3686.92,3690.48,3652.57,125669549.0,sz399300
1099,2017-07-14,3682.62,3703.09,3703.09,3672.74,105514005.0,sz399300
1100,2017-07-17,3700.62,3663.56,3716.47,3621.37,178821600.0,sz399300
1101,2017-07-18,3648.49,3667.18,3667.54,3622.04,124622056.0,sz399300
1102,2017-07-19,3660.87,3729.75,3731.05,3658.2,182477787.0,sz399300
1103,2017-07-20,3725.14,3747.88,3750.19,3723.07,142410039.0,sz399300
1104,2017-07-21,3738.18,3728.6,3751.69,3722.07,117941226.0,sz399300
1105,2017-07-24,3724.38,3743.47,3755.19,3719.85,134868722.0,sz399300
1106,2017-07-25,3742.64,3719.56,3752.16,3713.28,121672059.0,sz399300
1107,2017-07-26,3722.88,3705.39,3738.53,3684.18,136325210.0,sz399300
1108,2017-07-27,3700.86,3712.19,3716.69,3672.5,145002904.0,sz399300
1109,2017-07-28,3703.49,3721.89,3725.54,3696.78,111411392.0,sz399300
1110,2017-07-31,3722.43,3737.87,3746.52,3713.66,148429039.0,sz399300
1111,2017-08-01,3738.74,3770.38,3770.4,3737.1,152546539.0,sz399300
1112,2017-08-02,3768.19,3760.85,3784.35,3759.28,172293383.0,sz399300
1113,2017-08-03,3755.11,3727.83,3766.35,3718.44,146153944.0,sz399300
1114,2017-08-04,3724.72,3707.58,3738.73,3707.0,157470060.0,sz399300
1115,2017-08-07,3701.22,3726.79,3730.78,3689.96,124231530.0,sz399300
1116,2017-08-08,3724.33,3732.21,3737.33,3718.81,137241928.0,sz399300
1117,2017-08-09,3728.03,3731.04,3739.0,3713.57,124679989.0,sz399300
1118,2017-08-10,3724.96,3715.92,3746.86,3688.18,130085128.0,sz399300
1119,2017-08-11,3687.93,3647.35,3700.49,3645.09,150387421.0,sz399300
1120,2017-08-14,3651.38,3694.68,3698.37,3651.38,115308451.0,sz399300
1121,2017-08-15,3695.78,3706.06,3719.29,3692.28,106444857.0,sz399300
1122,2017-08-16,3701.13,3701.42,3707.14,3679.73,104134141.0,sz399300
1123,2017-08-17,3707.07,3721.28,3722.62,3704.41,108656251.0,sz399300
1124,2017-08-18,3707.19,3724.67,3733.49,3700.41,96561705.0,sz399300
1125,2017-08-21,3731.84,3740.99,3744.26,3728.62,100313073.0,sz399300
1126,2017-08-22,3745.75,3752.3,3758.29,3734.56,100292856.0,sz399300
1127,2017-08-23,3747.61,3756.09,3772.46,3741.72,104961573.0,sz399300
1128,2017-08-24,3755.89,3734.65,3765.71,3729.09,89947372.0,sz399300
1129,2017-08-25,3736.29,3795.75,3795.97,3736.29,129940900.0,sz399300
1130,2017-08-28,3805.66,3842.71,3866.94,3805.66,185576325.0,sz399300
1131,2017-08-29,3839.18,3834.54,3847.93,3825.76,128227070.0,sz399300
1132,2017-08-30,3834.27,3834.3,3854.71,3827.86,141352857.0,sz399300
1133,2017-08-31,3835.84,3822.09,3840.2,3800.89,132944935.0,sz399300
1134,2017-09-01,3825.34,3830.54,3843.62,3818.16,158645511.0,sz399300
1135,2017-09-04,3828.54,3845.62,3847.09,3813.55,149566320.0,sz399300
1136,2017-09-05,3845.55,3857.05,3865.29,3841.95,124964155.0,sz399300
1137,2017-09-06,3846.75,3849.45,3858.25,3831.38,131398723.0,sz399300
1138,2017-09-07,3851.69,3829.87,3858.16,3828.83,123884181.0,sz399300
1139,2017-09-08,3830.07,3825.99,3843.02,3813.98,106036504.0,sz399300
1140,2017-09-11,3828.34,3825.65,3850.74,3817.51,123883997.0,sz399300
1141,2017-09-12,3832.24,3837.93,3849.39,3822.0,144190242.0,sz399300
1142,2017-09-13,3835.55,3842.61,3847.78,3822.94,95410785.0,sz399300
1143,2017-09-14,3843.57,3829.96,3854.49,3820.09,115358583.0,sz399300
1144,2017-09-15,3826.14,3831.3,3843.3,3818.52,122427006.0,sz399300
1145,2017-09-18,3832.96,3843.14,3862.36,3832.96,117934405.0,sz399300
1146,2017-09-19,3849.88,3832.12,3857.3,3820.29,112432987.0,sz399300
1147,2017-09-20,3830.15,3842.44,3850.94,3827.89,101129542.0,sz399300
1148,2017-09-21,3843.26,3837.82,3860.8,3837.38,111098192.0,sz399300
1149,2017-09-22,3826.46,3837.73,3842.25,3816.82,100619802.0,sz399300
1150,2017-09-25,3829.22,3817.79,3835.39,3811.12,103948976.0,sz399300
1151,2017-09-26,3810.33,3820.78,3821.69,3808.38,81869407.0,sz399300
1152,2017-09-27,3818.96,3821.2,3832.57,3818.81,85655811.0,sz399300
1153,2017-09-28,3821.59,3822.54,3827.33,3813.75,93544069.0,sz399300
1154,2017-09-29,3825.2,3836.5,3852.22,3825.2,93306028.0,sz399300
1155,2017-10-09,3910.11,3882.21,3918.84,3876.03,135535851.0,sz399300
1156,2017-10-10,3883.0,3889.86,3900.74,3855.47,112532586.0,sz399300
